run_id,series,platform,checkpoint,source_commit,date,harness,renderer,workload,workload_original,warmups,iterations,median_ms,p95_ms,mean_ms,source_log
baseline-canvas,historical,macos,original_nightly,ae5ec464ace991ec498bb1acb155635cc7262c1a,2026-09-29,canvas,default_wgpu,gallery_1x_unselected_draw,gallery_1x_unselected_draw,3,20,49.4406,57.1475,50.2740,logs/baseline-canvas.log
baseline-canvas,historical,macos,original_nightly,ae5ec464ace991ec498bb1acb155635cc7262c1a,2026-09-29,canvas,default_wgpu,gallery_1x_selected_draw,gallery_1x_selected_draw,3,20,92.9598,106.6619,95.7706,logs/baseline-canvas.log
baseline-canvas,historical,macos,original_nightly,ae5ec464ace991ec498bb1acb155635cc7262c1a,2026-09-29,canvas,default_wgpu,gallery_1x_pointer_hit,gallery_1x_pointer_hit,3,20,30.1254,30.6540,29.0830,logs/baseline-canvas.log
baseline-canvas,historical,macos,original_nightly,ae5ec464ace991ec498bb1acb155635cc7262c1a,2026-09-29,canvas,default_wgpu,gallery_1x_drag_all,gallery_1x_drag_all,3,20,115.3028,121.3620,115.8728,logs/baseline-canvas.log
baseline-canvas,historical,macos,original_nightly,ae5ec464ace991ec498bb1acb155635cc7262c1a,2026-09-29,canvas,default_wgpu,gallery_1x_drag_partial,gallery_1x_drag_partial,3,20,48.5375,54.2057,49.2358,logs/baseline-canvas.log
baseline-canvas,historical,macos,original_nightly,ae5ec464ace991ec498bb1acb155635cc7262c1a,2026-09-29,canvas,default_wgpu,gallery_1x_pan,gallery_1x_pan,3,20,98.4977,108.3069,99.8984,logs/baseline-canvas.log
baseline-canvas,historical,macos,original_nightly,ae5ec464ace991ec498bb1acb155635cc7262c1a,2026-09-29,canvas,default_wgpu,gallery_1x_zoom,gallery_1x_zoom,3,20,93.2916,97.8596,93.0760,logs/baseline-canvas.log
baseline-canvas,historical,macos,original_nightly,ae5ec464ace991ec498bb1acb155635cc7262c1a,2026-09-29,canvas,default_wgpu,gallery_4x_unselected_draw,gallery_4x_unselected_draw,3,20,314.7923,361.3046,319.5696,logs/baseline-canvas.log
baseline-canvas,historical,macos,original_nightly,ae5ec464ace991ec498bb1acb155635cc7262c1a,2026-09-29,canvas,default_wgpu,gallery_4x_selected_draw,gallery_4x_selected_draw,3,20,481.4293,537.4365,485.8790,logs/baseline-canvas.log
baseline-canvas,historical,macos,original_nightly,ae5ec464ace991ec498bb1acb155635cc7262c1a,2026-09-29,canvas,default_wgpu,gallery_4x_pointer_hit,gallery_4x_pointer_hit,3,20,106.1043,113.5380,106.9781,logs/baseline-canvas.log
baseline-canvas,historical,macos,original_nightly,ae5ec464ace991ec498bb1acb155635cc7262c1a,2026-09-29,canvas,default_wgpu,gallery_4x_drag_all,gallery_4x_drag_all,3,20,572.8170,638.2359,576.0369,logs/baseline-canvas.log
baseline-canvas,historical,macos,original_nightly,ae5ec464ace991ec498bb1acb155635cc7262c1a,2026-09-29,canvas,default_wgpu,gallery_4x_drag_partial,gallery_4x_drag_partial,3,20,287.6093,335.2033,295.7515,logs/baseline-canvas.log
baseline-canvas,historical,macos,original_nightly,ae5ec464ace991ec498bb1acb155635cc7262c1a,2026-09-29,canvas,default_wgpu,gallery_4x_pan,gallery_4x_pan,3,20,472.1205,512.8647,474.3258,logs/baseline-canvas.log
baseline-canvas,historical,macos,original_nightly,ae5ec464ace991ec498bb1acb155635cc7262c1a,2026-09-29,canvas,default_wgpu,gallery_4x_zoom,gallery_4x_zoom,3,20,467.0345,530.7863,471.2129,logs/baseline-canvas.log
windows-baseline-canvas,historical,windows,original_nightly,ae5ec464ace991ec498bb1acb155635cc7262c1a,2026-09-29,canvas,automatic_selection_not_recorded,gallery_1x_unselected_draw,gallery_1x_unselected_draw,3,20,166.8069,173.9432,166.8292,logs/windows-baseline-canvas.log
windows-baseline-canvas,historical,windows,original_nightly,ae5ec464ace991ec498bb1acb155635cc7262c1a,2026-09-29,canvas,automatic_selection_not_recorded,gallery_1x_selected_draw,gallery_1x_selected_draw,3,20,230.2792,238.0617,229.5673,logs/windows-baseline-canvas.log
windows-baseline-canvas,historical,windows,original_nightly,ae5ec464ace991ec498bb1acb155635cc7262c1a,2026-09-29,canvas,automatic_selection_not_recorded,gallery_1x_pointer_hit,gallery_1x_pointer_hit,3,20,37.9654,42.3827,38.3274,logs/windows-baseline-canvas.log
windows-baseline-canvas,historical,windows,original_nightly,ae5ec464ace991ec498bb1acb155635cc7262c1a,2026-09-29,canvas,automatic_selection_not_recorded,gallery_1x_drag_all,gallery_1x_drag_all,3,20,253.9873,273.1060,255.0143,logs/windows-baseline-canvas.log
windows-baseline-canvas,historical,windows,original_nightly,ae5ec464ace991ec498bb1acb155635cc7262c1a,2026-09-29,canvas,automatic_selection_not_recorded,gallery_1x_drag_partial,gallery_1x_drag_partial,3,20,155.4878,168.7602,156.9368,logs/windows-baseline-canvas.log
windows-baseline-canvas,historical,windows,original_nightly,ae5ec464ace991ec498bb1acb155635cc7262c1a,2026-09-29,canvas,automatic_selection_not_recorded,gallery_1x_pan,gallery_1x_pan,3,20,226.4360,232.3176,226.4249,logs/windows-baseline-canvas.log
windows-baseline-canvas,historical,windows,original_nightly,ae5ec464ace991ec498bb1acb155635cc7262c1a,2026-09-29,canvas,automatic_selection_not_recorded,gallery_1x_zoom,gallery_1x_zoom,3,20,233.9712,243.4800,233.6183,logs/windows-baseline-canvas.log
windows-baseline-canvas,historical,windows,original_nightly,ae5ec464ace991ec498bb1acb155635cc7262c1a,2026-09-29,canvas,automatic_selection_not_recorded,gallery_4x_unselected_draw,gallery_4x_unselected_draw,3,20,774.8852,813.6270,772.6285,logs/windows-baseline-canvas.log
windows-baseline-canvas,historical,windows,original_nightly,ae5ec464ace991ec498bb1acb155635cc7262c1a,2026-09-29,canvas,automatic_selection_not_recorded,gallery_4x_selected_draw,gallery_4x_selected_draw,3,20,1006.0478,1057.8753,1003.0543,logs/windows-baseline-canvas.log
windows-baseline-canvas,historical,windows,original_nightly,ae5ec464ace991ec498bb1acb155635cc7262c1a,2026-09-29,canvas,automatic_selection_not_recorded,gallery_4x_pointer_hit,gallery_4x_pointer_hit,3,20,160.7546,164.7158,160.5396,logs/windows-baseline-canvas.log
windows-baseline-canvas,historical,windows,original_nightly,ae5ec464ace991ec498bb1acb155635cc7262c1a,2026-09-29,canvas,automatic_selection_not_recorded,gallery_4x_drag_all,gallery_4x_drag_all,3,20,1182.4810,1216.2254,1179.4666,logs/windows-baseline-canvas.log
windows-baseline-canvas,historical,windows,original_nightly,ae5ec464ace991ec498bb1acb155635cc7262c1a,2026-09-29,canvas,automatic_selection_not_recorded,gallery_4x_drag_partial,gallery_4x_drag_partial,3,20,764.0011,788.2100,760.4673,logs/windows-baseline-canvas.log
windows-baseline-canvas,historical,windows,original_nightly,ae5ec464ace991ec498bb1acb155635cc7262c1a,2026-09-29,canvas,automatic_selection_not_recorded,gallery_4x_pan,gallery_4x_pan,3,20,1004.1826,1035.0636,1001.8879,logs/windows-baseline-canvas.log
windows-baseline-canvas,historical,windows,original_nightly,ae5ec464ace991ec498bb1acb155635cc7262c1a,2026-09-29,canvas,automatic_selection_not_recorded,gallery_4x_zoom,gallery_4x_zoom,3,20,1027.7189,1109.8646,1029.1588,logs/windows-baseline-canvas.log
after-canvas-final,historical,macos,stage1_canvas,f88d2c472675235886dada1b96b5438cde700aee,2026-09-29,canvas,default_wgpu,gallery_1x_unselected_draw,gallery_1x_unselected_draw,3,20,1.5012,1.6649,1.5156,logs/after-canvas-final.log
after-canvas-final,historical,macos,stage1_canvas,f88d2c472675235886dada1b96b5438cde700aee,2026-09-29,canvas,default_wgpu,gallery_1x_selected_draw,gallery_1x_selected_draw,3,20,3.1945,3.2425,3.1954,logs/after-canvas-final.log
after-canvas-final,historical,macos,stage1_canvas,f88d2c472675235886dada1b96b5438cde700aee,2026-09-29,canvas,default_wgpu,gallery_1x_pointer_hit,gallery_1x_pointer_hit,3,20,0.0130,0.0132,0.0129,logs/after-canvas-final.log
after-canvas-final,historical,macos,stage1_canvas,f88d2c472675235886dada1b96b5438cde700aee,2026-09-29,canvas,default_wgpu,gallery_1x_drag_all,gallery_1x_drag_all,3,20,2.6667,2.6967,2.6396,logs/after-canvas-final.log
after-canvas-final,historical,macos,stage1_canvas,f88d2c472675235886dada1b96b5438cde700aee,2026-09-29,canvas,default_wgpu,gallery_1x_drag_partial,gallery_1x_drag_partial,3,20,2.8726,2.8877,2.8727,logs/after-canvas-final.log
after-canvas-final,historical,macos,stage1_canvas,f88d2c472675235886dada1b96b5438cde700aee,2026-09-29,canvas,default_wgpu,gallery_1x_pan,gallery_1x_pan,3,20,3.6429,3.6742,3.6435,logs/after-canvas-final.log
after-canvas-final,historical,macos,stage1_canvas,f88d2c472675235886dada1b96b5438cde700aee,2026-09-29,canvas,default_wgpu,gallery_1x_zoom,gallery_1x_zoom,3,20,25.1178,26.4864,24.6943,logs/after-canvas-final.log
after-canvas-final,historical,macos,stage1_canvas,f88d2c472675235886dada1b96b5438cde700aee,2026-09-29,canvas,default_wgpu,gallery_4x_unselected_draw,gallery_4x_unselected_draw,3,20,14.7780,15.6941,14.5472,logs/after-canvas-final.log
after-canvas-final,historical,macos,stage1_canvas,f88d2c472675235886dada1b96b5438cde700aee,2026-09-29,canvas,default_wgpu,gallery_4x_selected_draw,gallery_4x_selected_draw,3,20,25.6318,26.5249,25.7068,logs/after-canvas-final.log
after-canvas-final,historical,macos,stage1_canvas,f88d2c472675235886dada1b96b5438cde700aee,2026-09-29,canvas,default_wgpu,gallery_4x_pointer_hit,gallery_4x_pointer_hit,3,20,0.0693,0.0711,0.0694,logs/after-canvas-final.log
after-canvas-final,historical,macos,stage1_canvas,f88d2c472675235886dada1b96b5438cde700aee,2026-09-29,canvas,default_wgpu,gallery_4x_drag_all,gallery_4x_drag_all,3,20,16.0393,16.3760,15.8898,logs/after-canvas-final.log
after-canvas-final,historical,macos,stage1_canvas,f88d2c472675235886dada1b96b5438cde700aee,2026-09-29,canvas,default_wgpu,gallery_4x_drag_partial,gallery_4x_drag_partial,3,20,31.1277,31.6835,31.2313,logs/after-canvas-final.log
after-canvas-final,historical,macos,stage1_canvas,f88d2c472675235886dada1b96b5438cde700aee,2026-09-29,canvas,default_wgpu,gallery_4x_pan,gallery_4x_pan,3,20,26.5915,31.9672,27.8122,logs/after-canvas-final.log
after-canvas-final,historical,macos,stage1_canvas,f88d2c472675235886dada1b96b5438cde700aee,2026-09-29,canvas,default_wgpu,gallery_4x_zoom,gallery_4x_zoom,3,20,55.7071,69.0627,54.3735,logs/after-canvas-final.log
windows-after-canvas,historical,windows,stage1_canvas,f88d2c472675235886dada1b96b5438cde700aee,2026-09-29,canvas,automatic_selection_not_recorded,gallery_1x_unselected_draw,gallery_1x_unselected_draw,3,20,2.9184,3.0851,2.9237,logs/windows-after-canvas.log
windows-after-canvas,historical,windows,stage1_canvas,f88d2c472675235886dada1b96b5438cde700aee,2026-09-29,canvas,automatic_selection_not_recorded,gallery_1x_selected_draw,gallery_1x_selected_draw,3,20,6.6481,6.9081,6.6344,logs/windows-after-canvas.log
windows-after-canvas,historical,windows,stage1_canvas,f88d2c472675235886dada1b96b5438cde700aee,2026-09-29,canvas,automatic_selection_not_recorded,gallery_1x_pointer_hit,gallery_1x_pointer_hit,3,20,0.0158,0.0233,0.0161,logs/windows-after-canvas.log
windows-after-canvas,historical,windows,stage1_canvas,f88d2c472675235886dada1b96b5438cde700aee,2026-09-29,canvas,automatic_selection_not_recorded,gallery_1x_drag_all,gallery_1x_drag_all,3,20,5.4183,5.6843,5.4400,logs/windows-after-canvas.log
windows-after-canvas,historical,windows,stage1_canvas,f88d2c472675235886dada1b96b5438cde700aee,2026-09-29,canvas,automatic_selection_not_recorded,gallery_1x_drag_partial,gallery_1x_drag_partial,3,20,5.1854,5.4314,5.1850,logs/windows-after-canvas.log
windows-after-canvas,historical,windows,stage1_canvas,f88d2c472675235886dada1b96b5438cde700aee,2026-09-29,canvas,automatic_selection_not_recorded,gallery_1x_pan,gallery_1x_pan,3,20,6.6791,6.9458,6.6863,logs/windows-after-canvas.log
windows-after-canvas,historical,windows,stage1_canvas,f88d2c472675235886dada1b96b5438cde700aee,2026-09-29,canvas,automatic_selection_not_recorded,gallery_1x_zoom,gallery_1x_zoom,3,20,105.5006,114.6086,103.2564,logs/windows-after-canvas.log
windows-after-canvas,historical,windows,stage1_canvas,f88d2c472675235886dada1b96b5438cde700aee,2026-09-29,canvas,automatic_selection_not_recorded,gallery_4x_unselected_draw,gallery_4x_unselected_draw,3,20,17.0133,19.4209,17.1704,logs/windows-after-canvas.log
windows-after-canvas,historical,windows,stage1_canvas,f88d2c472675235886dada1b96b5438cde700aee,2026-09-29,canvas,automatic_selection_not_recorded,gallery_4x_selected_draw,gallery_4x_selected_draw,3,20,32.8537,33.7046,32.8875,logs/windows-after-canvas.log
windows-after-canvas,historical,windows,stage1_canvas,f88d2c472675235886dada1b96b5438cde700aee,2026-09-29,canvas,automatic_selection_not_recorded,gallery_4x_pointer_hit,gallery_4x_pointer_hit,3,20,0.0653,0.0901,0.0688,logs/windows-after-canvas.log
windows-after-canvas,historical,windows,stage1_canvas,f88d2c472675235886dada1b96b5438cde700aee,2026-09-29,canvas,automatic_selection_not_recorded,gallery_4x_drag_all,gallery_4x_drag_all,3,20,23.1089,23.8576,23.0986,logs/windows-after-canvas.log
windows-after-canvas,historical,windows,stage1_canvas,f88d2c472675235886dada1b96b5438cde700aee,2026-09-29,canvas,automatic_selection_not_recorded,gallery_4x_drag_partial,gallery_4x_drag_partial,3,20,39.6837,41.4167,39.5007,logs/windows-after-canvas.log
windows-after-canvas,historical,windows,stage1_canvas,f88d2c472675235886dada1b96b5438cde700aee,2026-09-29,canvas,automatic_selection_not_recorded,gallery_4x_pan,gallery_4x_pan,3,20,34.3164,36.8790,34.5976,logs/windows-after-canvas.log
windows-after-canvas,historical,windows,stage1_canvas,f88d2c472675235886dada1b96b5438cde700aee,2026-09-29,canvas,automatic_selection_not_recorded,gallery_4x_zoom,gallery_4x_zoom,3,20,132.3100,192.7659,141.3442,logs/windows-after-canvas.log
editing-before,historical,macos,stage1_docs,c9f2c257a4a6027f14afccc373894286dd34aac2,2026-09-29,editing,not_rendered,gallery_0x_validate,gallery_0x_validate,3,30,0.0018,0.0043,,logs/editing-before.log
editing-before,historical,macos,stage1_docs,c9f2c257a4a6027f14afccc373894286dd34aac2,2026-09-29,editing,not_rendered,gallery_0x_groups,gallery_0x_groups,3,30,0.0006,0.0008,,logs/editing-before.log
editing-before,historical,macos,stage1_docs,c9f2c257a4a6027f14afccc373894286dd34aac2,2026-09-29,editing,not_rendered,gallery_0x_oxygen_hotkey,gallery_0x_oxygen_hotkey,3,30,0.0322,0.0374,,logs/editing-before.log
editing-before,historical,macos,stage1_docs,c9f2c257a4a6027f14afccc373894286dd34aac2,2026-09-29,editing,not_rendered,gallery_0x_idle_update,gallery_0x_idle_update,3,30,0.0000,0.0001,,logs/editing-before.log
editing-before,historical,macos,stage1_docs,c9f2c257a4a6027f14afccc373894286dd34aac2,2026-09-29,editing,not_rendered,gallery_0x_view,gallery_0x_view,3,30,0.0361,0.0405,,logs/editing-before.log
editing-before,historical,macos,stage1_docs,c9f2c257a4a6027f14afccc373894286dd34aac2,2026-09-29,editing,not_rendered,methanol_full_analysis,ethanol_full_analysis,3,30,1.8351,1.9919,,logs/editing-before.log
editing-before,historical,macos,stage1_docs,c9f2c257a4a6027f14afccc373894286dd34aac2,2026-09-29,editing,not_rendered,methanol_drawing_labels,ethanol_drawing_labels,3,30,0.0145,0.0150,,logs/editing-before.log
editing-before,historical,macos,stage1_docs,c9f2c257a4a6027f14afccc373894286dd34aac2,2026-09-29,editing,not_rendered,gallery_1x_validate,gallery_1x_validate,3,30,0.3890,0.4040,,logs/editing-before.log
editing-before,historical,macos,stage1_docs,c9f2c257a4a6027f14afccc373894286dd34aac2,2026-09-29,editing,not_rendered,gallery_1x_groups,gallery_1x_groups,3,30,0.3352,0.3394,,logs/editing-before.log
editing-before,historical,macos,stage1_docs,c9f2c257a4a6027f14afccc373894286dd34aac2,2026-09-29,editing,not_rendered,gallery_1x_oxygen_hotkey,gallery_1x_oxygen_hotkey,3,30,3.1510,3.1813,,logs/editing-before.log
editing-before,historical,macos,stage1_docs,c9f2c257a4a6027f14afccc373894286dd34aac2,2026-09-29,editing,not_rendered,gallery_1x_idle_update,gallery_1x_idle_update,3,30,0.0000,0.0000,,logs/editing-before.log
editing-before,historical,macos,stage1_docs,c9f2c257a4a6027f14afccc373894286dd34aac2,2026-09-29,editing,not_rendered,gallery_1x_view,gallery_1x_view,3,30,0.3022,0.3101,,logs/editing-before.log
editing-before,historical,macos,stage1_docs,c9f2c257a4a6027f14afccc373894286dd34aac2,2026-09-29,editing,not_rendered,gallery_4x_validate,gallery_4x_validate,3,30,4.8268,5.2131,,logs/editing-before.log
editing-before,historical,macos,stage1_docs,c9f2c257a4a6027f14afccc373894286dd34aac2,2026-09-29,editing,not_rendered,gallery_4x_groups,gallery_4x_groups,3,30,7.4760,7.5023,,logs/editing-before.log
editing-before,historical,macos,stage1_docs,c9f2c257a4a6027f14afccc373894286dd34aac2,2026-09-29,editing,not_rendered,gallery_4x_oxygen_hotkey,gallery_4x_oxygen_hotkey,3,30,39.3877,41.2806,,logs/editing-before.log
editing-before,historical,macos,stage1_docs,c9f2c257a4a6027f14afccc373894286dd34aac2,2026-09-29,editing,not_rendered,gallery_4x_idle_update,gallery_4x_idle_update,3,30,0.0000,0.0001,,logs/editing-before.log
editing-before,historical,macos,stage1_docs,c9f2c257a4a6027f14afccc373894286dd34aac2,2026-09-29,editing,not_rendered,gallery_4x_view,gallery_4x_view,3,30,3.4025,3.4478,,logs/editing-before.log
windows-editing-before,historical,windows,stage1_docs,c9f2c257a4a6027f14afccc373894286dd34aac2,2026-09-29,editing,not_rendered,gallery_0x_validate,gallery_0x_validate,3,30,0.0017,0.0019,,logs/windows-editing-before.log
windows-editing-before,historical,windows,stage1_docs,c9f2c257a4a6027f14afccc373894286dd34aac2,2026-09-29,editing,not_rendered,gallery_0x_groups,gallery_0x_groups,3,30,0.0005,0.0005,,logs/windows-editing-before.log
windows-editing-before,historical,windows,stage1_docs,c9f2c257a4a6027f14afccc373894286dd34aac2,2026-09-29,editing,not_rendered,gallery_0x_oxygen_hotkey,gallery_0x_oxygen_hotkey,3,30,0.0351,0.0567,,logs/windows-editing-before.log
windows-editing-before,historical,windows,stage1_docs,c9f2c257a4a6027f14afccc373894286dd34aac2,2026-09-29,editing,not_rendered,gallery_0x_idle_update,gallery_0x_idle_update,3,30,0.0001,0.0001,,logs/windows-editing-before.log
windows-editing-before,historical,windows,stage1_docs,c9f2c257a4a6027f14afccc373894286dd34aac2,2026-09-29,editing,not_rendered,gallery_0x_view,gallery_0x_view,3,30,0.0558,0.0749,,logs/windows-editing-before.log
windows-editing-before,historical,windows,stage1_docs,c9f2c257a4a6027f14afccc373894286dd34aac2,2026-09-29,editing,not_rendered,methanol_full_analysis,ethanol_full_analysis,3,30,20.0939,22.0999,,logs/windows-editing-before.log
windows-editing-before,historical,windows,stage1_docs,c9f2c257a4a6027f14afccc373894286dd34aac2,2026-09-29,editing,not_rendered,methanol_drawing_labels,ethanol_drawing_labels,3,30,0.0200,0.0296,,logs/windows-editing-before.log
windows-editing-before,historical,windows,stage1_docs,c9f2c257a4a6027f14afccc373894286dd34aac2,2026-09-29,editing,not_rendered,gallery_1x_validate,gallery_1x_validate,3,30,0.5934,0.6784,,logs/windows-editing-before.log
windows-editing-before,historical,windows,stage1_docs,c9f2c257a4a6027f14afccc373894286dd34aac2,2026-09-29,editing,not_rendered,gallery_1x_groups,gallery_1x_groups,3,30,0.4231,0.4543,,logs/windows-editing-before.log
windows-editing-before,historical,windows,stage1_docs,c9f2c257a4a6027f14afccc373894286dd34aac2,2026-09-29,editing,not_rendered,gallery_1x_oxygen_hotkey,gallery_1x_oxygen_hotkey,3,30,5.8246,6.5182,,logs/windows-editing-before.log
windows-editing-before,historical,windows,stage1_docs,c9f2c257a4a6027f14afccc373894286dd34aac2,2026-09-29,editing,not_rendered,gallery_1x_idle_update,gallery_1x_idle_update,3,30,0.0001,0.0002,,logs/windows-editing-before.log
windows-editing-before,historical,windows,stage1_docs,c9f2c257a4a6027f14afccc373894286dd34aac2,2026-09-29,editing,not_rendered,gallery_1x_view,gallery_1x_view,3,30,0.5954,0.6227,,logs/windows-editing-before.log
windows-editing-before,historical,windows,stage1_docs,c9f2c257a4a6027f14afccc373894286dd34aac2,2026-09-29,editing,not_rendered,gallery_4x_validate,gallery_4x_validate,3,30,8.5446,10.5951,,logs/windows-editing-before.log
windows-editing-before,historical,windows,stage1_docs,c9f2c257a4a6027f14afccc373894286dd34aac2,2026-09-29,editing,not_rendered,gallery_4x_groups,gallery_4x_groups,3,30,6.6559,6.9012,,logs/windows-editing-before.log
windows-editing-before,historical,windows,stage1_docs,c9f2c257a4a6027f14afccc373894286dd34aac2,2026-09-29,editing,not_rendered,gallery_4x_oxygen_hotkey,gallery_4x_oxygen_hotkey,3,30,59.8372,61.7943,,logs/windows-editing-before.log
windows-editing-before,historical,windows,stage1_docs,c9f2c257a4a6027f14afccc373894286dd34aac2,2026-09-29,editing,not_rendered,gallery_4x_idle_update,gallery_4x_idle_update,3,30,0.0001,0.0002,,logs/windows-editing-before.log
windows-editing-before,historical,windows,stage1_docs,c9f2c257a4a6027f14afccc373894286dd34aac2,2026-09-29,editing,not_rendered,gallery_4x_view,gallery_4x_view,3,30,5.3913,5.9849,,logs/windows-editing-before.log
editing-after,historical,macos,stage2_editing,f31ceea4a9d9062c58a504732598b9f0793edfee,2026-09-29,editing,not_rendered,gallery_0x_validate,gallery_0x_validate,3,30,0.0006,0.0019,,logs/editing-after.log
editing-after,historical,macos,stage2_editing,f31ceea4a9d9062c58a504732598b9f0793edfee,2026-09-29,editing,not_rendered,gallery_0x_groups,gallery_0x_groups,3,30,0.0004,0.0014,,logs/editing-after.log
editing-after,historical,macos,stage2_editing,f31ceea4a9d9062c58a504732598b9f0793edfee,2026-09-29,editing,not_rendered,gallery_0x_labels_cold,gallery_0x_labels_cold,3,30,0.0181,0.0227,,logs/editing-after.log
editing-after,historical,macos,stage2_editing,f31ceea4a9d9062c58a504732598b9f0793edfee,2026-09-29,editing,not_rendered,gallery_0x_labels_one_changed,gallery_0x_labels_one_changed,3,30,0.0173,0.0175,,logs/editing-after.log
editing-after,historical,macos,stage2_editing,f31ceea4a9d9062c58a504732598b9f0793edfee,2026-09-29,editing,not_rendered,gallery_0x_labels_worker_roundtrip,gallery_0x_labels_worker_roundtrip,3,30,0.0250,0.0275,,logs/editing-after.log
editing-after,historical,macos,stage2_editing,f31ceea4a9d9062c58a504732598b9f0793edfee,2026-09-29,editing,not_rendered,gallery_0x_oxygen_hotkey,gallery_0x_oxygen_hotkey,3,30,0.0295,0.0342,,logs/editing-after.log
editing-after,historical,macos,stage2_editing,f31ceea4a9d9062c58a504732598b9f0793edfee,2026-09-29,editing,not_rendered,gallery_0x_idle_update,gallery_0x_idle_update,3,30,0.0001,0.0001,,logs/editing-after.log
editing-after,historical,macos,stage2_editing,f31ceea4a9d9062c58a504732598b9f0793edfee,2026-09-29,editing,not_rendered,gallery_0x_view,gallery_0x_view,3,30,0.0354,0.0392,,logs/editing-after.log
editing-after,historical,macos,stage2_editing,f31ceea4a9d9062c58a504732598b9f0793edfee,2026-09-29,editing,not_rendered,mmethanol_full_analysis,methanol_full_analysis,3,30,1.8409,2.0213,,logs/editing-after.log
editing-after,historical,macos,stage2_editing,f31ceea4a9d9062c58a504732598b9f0793edfee,2026-09-29,editing,not_rendered,mmethanol_drawing_labels,methanol_drawing_labels,3,30,0.0133,0.0137,,logs/editing-after.log
editing-after,historical,macos,stage2_editing,f31ceea4a9d9062c58a504732598b9f0793edfee,2026-09-29,editing,not_rendered,gallery_1x_validate,gallery_1x_validate,3,30,0.1916,0.2034,,logs/editing-after.log
editing-after,historical,macos,stage2_editing,f31ceea4a9d9062c58a504732598b9f0793edfee,2026-09-29,editing,not_rendered,gallery_1x_groups,gallery_1x_groups,3,30,0.1050,0.1143,,logs/editing-after.log
editing-after,historical,macos,stage2_editing,f31ceea4a9d9062c58a504732598b9f0793edfee,2026-09-29,editing,not_rendered,gallery_1x_labels_cold,gallery_1x_labels_cold,3,30,3.5033,3.5500,,logs/editing-after.log
editing-after,historical,macos,stage2_editing,f31ceea4a9d9062c58a504732598b9f0793edfee,2026-09-29,editing,not_rendered,gallery_1x_labels_one_changed,gallery_1x_labels_one_changed,3,30,0.4967,0.5212,,logs/editing-after.log
editing-after,historical,macos,stage2_editing,f31ceea4a9d9062c58a504732598b9f0793edfee,2026-09-29,editing,not_rendered,gallery_1x_labels_worker_roundtrip,gallery_1x_labels_worker_roundtrip,3,30,0.6023,0.6354,,logs/editing-after.log
editing-after,historical,macos,stage2_editing,f31ceea4a9d9062c58a504732598b9f0793edfee,2026-09-29,editing,not_rendered,gallery_1x_oxygen_hotkey,gallery_1x_oxygen_hotkey,3,30,2.0584,2.0875,,logs/editing-after.log
editing-after,historical,macos,stage2_editing,f31ceea4a9d9062c58a504732598b9f0793edfee,2026-09-29,editing,not_rendered,gallery_1x_idle_update,gallery_1x_idle_update,3,30,0.0001,0.0002,,logs/editing-after.log
editing-after,historical,macos,stage2_editing,f31ceea4a9d9062c58a504732598b9f0793edfee,2026-09-29,editing,not_rendered,gallery_1x_view,gallery_1x_view,3,30,0.4067,0.4195,,logs/editing-after.log
editing-after,historical,macos,stage2_editing,f31ceea4a9d9062c58a504732598b9f0793edfee,2026-09-29,editing,not_rendered,gallery_4x_validate,gallery_4x_validate,3,30,0.8910,0.9223,,logs/editing-after.log
editing-after,historical,macos,stage2_editing,f31ceea4a9d9062c58a504732598b9f0793edfee,2026-09-29,editing,not_rendered,gallery_4x_groups,gallery_4x_groups,3,30,0.4597,0.5145,,logs/editing-after.log
editing-after,historical,macos,stage2_editing,f31ceea4a9d9062c58a504732598b9f0793edfee,2026-09-29,editing,not_rendered,gallery_4x_labels_cold,gallery_4x_labels_cold,3,30,15.1115,15.3942,,logs/editing-after.log
editing-after,historical,macos,stage2_editing,f31ceea4a9d9062c58a504732598b9f0793edfee,2026-09-29,editing,not_rendered,gallery_4x_labels_one_changed,gallery_4x_labels_one_changed,3,30,2.2905,2.3341,,logs/editing-after.log
editing-after,historical,macos,stage2_editing,f31ceea4a9d9062c58a504732598b9f0793edfee,2026-09-29,editing,not_rendered,gallery_4x_labels_worker_roundtrip,gallery_4x_labels_worker_roundtrip,3,30,2.4929,2.6274,,logs/editing-after.log
editing-after,historical,macos,stage2_editing,f31ceea4a9d9062c58a504732598b9f0793edfee,2026-09-29,editing,not_rendered,gallery_4x_oxygen_hotkey,gallery_4x_oxygen_hotkey,3,30,13.2914,13.4752,,logs/editing-after.log
editing-after,historical,macos,stage2_editing,f31ceea4a9d9062c58a504732598b9f0793edfee,2026-09-29,editing,not_rendered,gallery_4x_idle_update,gallery_4x_idle_update,3,30,0.0001,0.0001,,logs/editing-after.log
editing-after,historical,macos,stage2_editing,f31ceea4a9d9062c58a504732598b9f0793edfee,2026-09-29,editing,not_rendered,gallery_4x_view,gallery_4x_view,3,30,3.7375,3.8569,,logs/editing-after.log
reshiki-perf-editing-after,historical,windows,stage2_editing,f31ceea4a9d9062c58a504732598b9f0793edfee,2026-09-29,editing,not_rendered,gallery_0x_validate,gallery_0x_validate,3,30,0.0010,0.0010,,logs/reshiki-perf-editing-after.log
reshiki-perf-editing-after,historical,windows,stage2_editing,f31ceea4a9d9062c58a504732598b9f0793edfee,2026-09-29,editing,not_rendered,gallery_0x_groups,gallery_0x_groups,3,30,0.0007,0.0008,,logs/reshiki-perf-editing-after.log
reshiki-perf-editing-after,historical,windows,stage2_editing,f31ceea4a9d9062c58a504732598b9f0793edfee,2026-09-29,editing,not_rendered,gallery_0x_labels_cold,gallery_0x_labels_cold,3,30,0.0251,0.0260,,logs/reshiki-perf-editing-after.log
reshiki-perf-editing-after,historical,windows,stage2_editing,f31ceea4a9d9062c58a504732598b9f0793edfee,2026-09-29,editing,not_rendered,gallery_0x_labels_one_changed,gallery_0x_labels_one_changed,3,30,0.0249,0.0318,,logs/reshiki-perf-editing-after.log
reshiki-perf-editing-after,historical,windows,stage2_editing,f31ceea4a9d9062c58a504732598b9f0793edfee,2026-09-29,editing,not_rendered,gallery_0x_labels_worker_roundtrip,gallery_0x_labels_worker_roundtrip,3,30,0.0590,0.0619,,logs/reshiki-perf-editing-after.log
reshiki-perf-editing-after,historical,windows,stage2_editing,f31ceea4a9d9062c58a504732598b9f0793edfee,2026-09-29,editing,not_rendered,gallery_0x_oxygen_hotkey,gallery_0x_oxygen_hotkey,3,30,0.0364,0.0586,,logs/reshiki-perf-editing-after.log
reshiki-perf-editing-after,historical,windows,stage2_editing,f31ceea4a9d9062c58a504732598b9f0793edfee,2026-09-29,editing,not_rendered,gallery_0x_idle_update,gallery_0x_idle_update,3,30,0.0002,0.0002,,logs/reshiki-perf-editing-after.log
reshiki-perf-editing-after,historical,windows,stage2_editing,f31ceea4a9d9062c58a504732598b9f0793edfee,2026-09-29,editing,not_rendered,gallery_0x_view,gallery_0x_view,3,30,0.0571,0.0651,,logs/reshiki-perf-editing-after.log
reshiki-perf-editing-after,historical,windows,stage2_editing,f31ceea4a9d9062c58a504732598b9f0793edfee,2026-09-29,editing,not_rendered,mmethanol_full_analysis,methanol_full_analysis,3,30,20.9578,24.2842,,logs/reshiki-perf-editing-after.log
reshiki-perf-editing-after,historical,windows,stage2_editing,f31ceea4a9d9062c58a504732598b9f0793edfee,2026-09-29,editing,not_rendered,mmethanol_drawing_labels,methanol_drawing_labels,3,30,0.0180,0.0218,,logs/reshiki-perf-editing-after.log
reshiki-perf-editing-after,historical,windows,stage2_editing,f31ceea4a9d9062c58a504732598b9f0793edfee,2026-09-29,editing,not_rendered,gallery_1x_validate,gallery_1x_validate,3,30,0.2569,0.2862,,logs/reshiki-perf-editing-after.log
reshiki-perf-editing-after,historical,windows,stage2_editing,f31ceea4a9d9062c58a504732598b9f0793edfee,2026-09-29,editing,not_rendered,gallery_1x_groups,gallery_1x_groups,3,30,0.1354,0.1485,,logs/reshiki-perf-editing-after.log
reshiki-perf-editing-after,historical,windows,stage2_editing,f31ceea4a9d9062c58a504732598b9f0793edfee,2026-09-29,editing,not_rendered,gallery_1x_labels_cold,gallery_1x_labels_cold,3,30,6.6241,7.4757,,logs/reshiki-perf-editing-after.log
reshiki-perf-editing-after,historical,windows,stage2_editing,f31ceea4a9d9062c58a504732598b9f0793edfee,2026-09-29,editing,not_rendered,gallery_1x_labels_one_changed,gallery_1x_labels_one_changed,3,30,0.8399,0.9528,,logs/reshiki-perf-editing-after.log
reshiki-perf-editing-after,historical,windows,stage2_editing,f31ceea4a9d9062c58a504732598b9f0793edfee,2026-09-29,editing,not_rendered,gallery_1x_labels_worker_roundtrip,gallery_1x_labels_worker_roundtrip,3,30,1.2832,1.3944,,logs/reshiki-perf-editing-after.log
reshiki-perf-editing-after,historical,windows,stage2_editing,f31ceea4a9d9062c58a504732598b9f0793edfee,2026-09-29,editing,not_rendered,gallery_1x_oxygen_hotkey,gallery_1x_oxygen_hotkey,3,30,3.0997,3.5568,,logs/reshiki-perf-editing-after.log
reshiki-perf-editing-after,historical,windows,stage2_editing,f31ceea4a9d9062c58a504732598b9f0793edfee,2026-09-29,editing,not_rendered,gallery_1x_idle_update,gallery_1x_idle_update,3,30,0.0003,0.0004,,logs/reshiki-perf-editing-after.log
reshiki-perf-editing-after,historical,windows,stage2_editing,f31ceea4a9d9062c58a504732598b9f0793edfee,2026-09-29,editing,not_rendered,gallery_1x_view,gallery_1x_view,3,30,0.7440,1.1154,,logs/reshiki-perf-editing-after.log
reshiki-perf-editing-after,historical,windows,stage2_editing,f31ceea4a9d9062c58a504732598b9f0793edfee,2026-09-29,editing,not_rendered,gallery_4x_validate,gallery_4x_validate,3,30,1.1567,1.4931,,logs/reshiki-perf-editing-after.log
reshiki-perf-editing-after,historical,windows,stage2_editing,f31ceea4a9d9062c58a504732598b9f0793edfee,2026-09-29,editing,not_rendered,gallery_4x_groups,gallery_4x_groups,3,30,0.4946,0.5057,,logs/reshiki-perf-editing-after.log
reshiki-perf-editing-after,historical,windows,stage2_editing,f31ceea4a9d9062c58a504732598b9f0793edfee,2026-09-29,editing,not_rendered,gallery_4x_labels_cold,gallery_4x_labels_cold,3,30,24.1109,25.1674,,logs/reshiki-perf-editing-after.log
reshiki-perf-editing-after,historical,windows,stage2_editing,f31ceea4a9d9062c58a504732598b9f0793edfee,2026-09-29,editing,not_rendered,gallery_4x_labels_one_changed,gallery_4x_labels_one_changed,3,30,3.8373,4.0929,,logs/reshiki-perf-editing-after.log
reshiki-perf-editing-after,historical,windows,stage2_editing,f31ceea4a9d9062c58a504732598b9f0793edfee,2026-09-29,editing,not_rendered,gallery_4x_labels_worker_roundtrip,gallery_4x_labels_worker_roundtrip,3,30,5.5396,6.6529,,logs/reshiki-perf-editing-after.log
reshiki-perf-editing-after,historical,windows,stage2_editing,f31ceea4a9d9062c58a504732598b9f0793edfee,2026-09-29,editing,not_rendered,gallery_4x_oxygen_hotkey,gallery_4x_oxygen_hotkey,3,30,16.0407,17.0092,,logs/reshiki-perf-editing-after.log
reshiki-perf-editing-after,historical,windows,stage2_editing,f31ceea4a9d9062c58a504732598b9f0793edfee,2026-09-29,editing,not_rendered,gallery_4x_idle_update,gallery_4x_idle_update,3,30,0.0003,0.0005,,logs/reshiki-perf-editing-after.log
reshiki-perf-editing-after,historical,windows,stage2_editing,f31ceea4a9d9062c58a504732598b9f0793edfee,2026-09-29,editing,not_rendered,gallery_4x_view,gallery_4x_view,3,30,5.6023,6.3226,,logs/reshiki-perf-editing-after.log
zoom-followup-before,historical,macos,stage2_docs,805b9fbf216ac90804244799568739881974aae7,2026-09-29,canvas,default_wgpu,gallery_1x_unselected_draw,gallery_1x_unselected_draw,3,20,1.5079,1.6413,1.5237,logs/zoom-followup-before.log
zoom-followup-before,historical,macos,stage2_docs,805b9fbf216ac90804244799568739881974aae7,2026-09-29,canvas,default_wgpu,gallery_1x_selected_draw,gallery_1x_selected_draw,3,20,3.3442,3.3974,3.2927,logs/zoom-followup-before.log
zoom-followup-before,historical,macos,stage2_docs,805b9fbf216ac90804244799568739881974aae7,2026-09-29,canvas,default_wgpu,gallery_1x_pointer_hit,gallery_1x_pointer_hit,3,20,0.0138,0.0142,0.0138,logs/zoom-followup-before.log
zoom-followup-before,historical,macos,stage2_docs,805b9fbf216ac90804244799568739881974aae7,2026-09-29,canvas,default_wgpu,gallery_1x_drag_all,gallery_1x_drag_all,3,20,2.6653,2.8482,2.7162,logs/zoom-followup-before.log
zoom-followup-before,historical,macos,stage2_docs,805b9fbf216ac90804244799568739881974aae7,2026-09-29,canvas,default_wgpu,gallery_1x_drag_partial,gallery_1x_drag_partial,3,20,2.8688,2.8803,2.8681,logs/zoom-followup-before.log
zoom-followup-before,historical,macos,stage2_docs,805b9fbf216ac90804244799568739881974aae7,2026-09-29,canvas,default_wgpu,gallery_1x_pan,gallery_1x_pan,3,20,3.9504,4.1677,3.8685,logs/zoom-followup-before.log
zoom-followup-before,historical,macos,stage2_docs,805b9fbf216ac90804244799568739881974aae7,2026-09-29,canvas,default_wgpu,gallery_1x_zoom,gallery_1x_zoom,3,20,28.9943,32.1012,28.3831,logs/zoom-followup-before.log
zoom-followup-before,historical,macos,stage2_docs,805b9fbf216ac90804244799568739881974aae7,2026-09-29,canvas,default_wgpu,gallery_4x_unselected_draw,gallery_4x_unselected_draw,3,20,14.8005,16.4305,15.0309,logs/zoom-followup-before.log
zoom-followup-before,historical,macos,stage2_docs,805b9fbf216ac90804244799568739881974aae7,2026-09-29,canvas,default_wgpu,gallery_4x_selected_draw,gallery_4x_selected_draw,3,20,29.3874,29.6053,29.1934,logs/zoom-followup-before.log
zoom-followup-before,historical,macos,stage2_docs,805b9fbf216ac90804244799568739881974aae7,2026-09-29,canvas,default_wgpu,gallery_4x_pointer_hit,gallery_4x_pointer_hit,3,20,0.0775,0.0782,0.0773,logs/zoom-followup-before.log
zoom-followup-before,historical,macos,stage2_docs,805b9fbf216ac90804244799568739881974aae7,2026-09-29,canvas,default_wgpu,gallery_4x_drag_all,gallery_4x_drag_all,3,20,18.1320,18.6102,17.7536,logs/zoom-followup-before.log
zoom-followup-before,historical,macos,stage2_docs,805b9fbf216ac90804244799568739881974aae7,2026-09-29,canvas,default_wgpu,gallery_4x_drag_partial,gallery_4x_drag_partial,3,20,31.3086,34.7617,32.0187,logs/zoom-followup-before.log
zoom-followup-before,historical,macos,stage2_docs,805b9fbf216ac90804244799568739881974aae7,2026-09-29,canvas,default_wgpu,gallery_4x_pan,gallery_4x_pan,3,20,26.7453,26.9986,26.7570,logs/zoom-followup-before.log
zoom-followup-before,historical,macos,stage2_docs,805b9fbf216ac90804244799568739881974aae7,2026-09-29,canvas,default_wgpu,gallery_4x_zoom,gallery_4x_zoom,3,20,47.2512,58.6055,49.1844,logs/zoom-followup-before.log
windows-broader-zoom-before,historical,windows,stage2_docs,805b9fbf216ac90804244799568739881974aae7,2026-09-29,canvas,automatic_selection_not_recorded,gallery_1x_unselected_draw,gallery_1x_unselected_draw,3,20,2.9345,3.1259,2.9461,logs/windows-broader-zoom-before.log
windows-broader-zoom-before,historical,windows,stage2_docs,805b9fbf216ac90804244799568739881974aae7,2026-09-29,canvas,automatic_selection_not_recorded,gallery_1x_selected_draw,gallery_1x_selected_draw,3,20,6.3152,7.1340,6.3667,logs/windows-broader-zoom-before.log
windows-broader-zoom-before,historical,windows,stage2_docs,805b9fbf216ac90804244799568739881974aae7,2026-09-29,canvas,automatic_selection_not_recorded,gallery_1x_pointer_hit,gallery_1x_pointer_hit,3,20,0.0157,0.0232,0.0163,logs/windows-broader-zoom-before.log
windows-broader-zoom-before,historical,windows,stage2_docs,805b9fbf216ac90804244799568739881974aae7,2026-09-29,canvas,automatic_selection_not_recorded,gallery_1x_drag_all,gallery_1x_drag_all,3,20,5.7080,8.6113,5.8856,logs/windows-broader-zoom-before.log
windows-broader-zoom-before,historical,windows,stage2_docs,805b9fbf216ac90804244799568739881974aae7,2026-09-29,canvas,automatic_selection_not_recorded,gallery_1x_drag_partial,gallery_1x_drag_partial,3,20,5.0679,5.3244,5.0928,logs/windows-broader-zoom-before.log
windows-broader-zoom-before,historical,windows,stage2_docs,805b9fbf216ac90804244799568739881974aae7,2026-09-29,canvas,automatic_selection_not_recorded,gallery_1x_pan,gallery_1x_pan,3,20,7.1971,8.1752,7.1065,logs/windows-broader-zoom-before.log
windows-broader-zoom-before,historical,windows,stage2_docs,805b9fbf216ac90804244799568739881974aae7,2026-09-29,canvas,automatic_selection_not_recorded,gallery_1x_zoom,gallery_1x_zoom,3,20,107.2830,118.1039,104.5121,logs/windows-broader-zoom-before.log
windows-broader-zoom-before,historical,windows,stage2_docs,805b9fbf216ac90804244799568739881974aae7,2026-09-29,canvas,automatic_selection_not_recorded,gallery_4x_unselected_draw,gallery_4x_unselected_draw,3,20,18.2352,19.7063,18.3441,logs/windows-broader-zoom-before.log
windows-broader-zoom-before,historical,windows,stage2_docs,805b9fbf216ac90804244799568739881974aae7,2026-09-29,canvas,automatic_selection_not_recorded,gallery_4x_selected_draw,gallery_4x_selected_draw,3,20,35.1406,36.1281,35.0374,logs/windows-broader-zoom-before.log
windows-broader-zoom-before,historical,windows,stage2_docs,805b9fbf216ac90804244799568739881974aae7,2026-09-29,canvas,automatic_selection_not_recorded,gallery_4x_pointer_hit,gallery_4x_pointer_hit,3,20,0.0669,0.0860,0.0695,logs/windows-broader-zoom-before.log
windows-broader-zoom-before,historical,windows,stage2_docs,805b9fbf216ac90804244799568739881974aae7,2026-09-29,canvas,automatic_selection_not_recorded,gallery_4x_drag_all,gallery_4x_drag_all,3,20,23.9693,25.5207,23.9674,logs/windows-broader-zoom-before.log
windows-broader-zoom-before,historical,windows,stage2_docs,805b9fbf216ac90804244799568739881974aae7,2026-09-29,canvas,automatic_selection_not_recorded,gallery_4x_drag_partial,gallery_4x_drag_partial,3,20,39.1149,41.1235,39.3265,logs/windows-broader-zoom-before.log
windows-broader-zoom-before,historical,windows,stage2_docs,805b9fbf216ac90804244799568739881974aae7,2026-09-29,canvas,automatic_selection_not_recorded,gallery_4x_pan,gallery_4x_pan,3,20,34.7798,35.6900,34.7893,logs/windows-broader-zoom-before.log
windows-broader-zoom-before,historical,windows,stage2_docs,805b9fbf216ac90804244799568739881974aae7,2026-09-29,canvas,automatic_selection_not_recorded,gallery_4x_zoom,gallery_4x_zoom,3,20,137.1564,193.6380,147.4391,logs/windows-broader-zoom-before.log
zoom-followup-after,historical,macos,stage3_background_zoom,e9818f5132215fdf308293163d41a066c49d2d8a,2026-09-29,canvas,default_wgpu,gallery_1x_unselected_draw,gallery_1x_unselected_draw,3,20,1.4556,1.6660,1.4800,logs/zoom-followup-after.log
zoom-followup-after,historical,macos,stage3_background_zoom,e9818f5132215fdf308293163d41a066c49d2d8a,2026-09-29,canvas,default_wgpu,gallery_1x_selected_draw,gallery_1x_selected_draw,3,20,1.5309,1.7107,1.5370,logs/zoom-followup-after.log
zoom-followup-after,historical,macos,stage3_background_zoom,e9818f5132215fdf308293163d41a066c49d2d8a,2026-09-29,canvas,default_wgpu,gallery_1x_pointer_hit,gallery_1x_pointer_hit,3,20,0.0132,0.0150,0.0132,logs/zoom-followup-after.log
zoom-followup-after,historical,macos,stage3_background_zoom,e9818f5132215fdf308293163d41a066c49d2d8a,2026-09-29,canvas,default_wgpu,gallery_1x_drag_all,gallery_1x_drag_all,3,20,0.9240,0.9515,0.9259,logs/zoom-followup-after.log
zoom-followup-after,historical,macos,stage3_background_zoom,e9818f5132215fdf308293163d41a066c49d2d8a,2026-09-29,canvas,default_wgpu,gallery_1x_drag_partial,gallery_1x_drag_partial,3,20,2.5239,2.5370,2.5236,logs/zoom-followup-after.log
zoom-followup-after,historical,macos,stage3_background_zoom,e9818f5132215fdf308293163d41a066c49d2d8a,2026-09-29,canvas,default_wgpu,gallery_1x_pan,gallery_1x_pan,3,20,1.7193,1.7351,1.7218,logs/zoom-followup-after.log
zoom-followup-after,historical,macos,stage3_background_zoom,e9818f5132215fdf308293163d41a066c49d2d8a,2026-09-29,canvas,default_wgpu,gallery_1x_zoom,gallery_1x_zoom,3,20,8.2812,10.3835,7.9041,logs/zoom-followup-after.log
zoom-followup-after,historical,macos,stage3_background_zoom,e9818f5132215fdf308293163d41a066c49d2d8a,2026-09-29,canvas,default_wgpu,gallery_4x_unselected_draw,gallery_4x_unselected_draw,3,20,11.5610,12.4207,11.8931,logs/zoom-followup-after.log
zoom-followup-after,historical,macos,stage3_background_zoom,e9818f5132215fdf308293163d41a066c49d2d8a,2026-09-29,canvas,default_wgpu,gallery_4x_selected_draw,gallery_4x_selected_draw,3,20,12.7634,13.8146,13.0385,logs/zoom-followup-after.log
zoom-followup-after,historical,macos,stage3_background_zoom,e9818f5132215fdf308293163d41a066c49d2d8a,2026-09-29,canvas,default_wgpu,gallery_4x_pointer_hit,gallery_4x_pointer_hit,3,20,0.0668,0.0734,0.0673,logs/zoom-followup-after.log
zoom-followup-after,historical,macos,stage3_background_zoom,e9818f5132215fdf308293163d41a066c49d2d8a,2026-09-29,canvas,default_wgpu,gallery_4x_drag_all,gallery_4x_drag_all,3,20,4.1127,4.1813,4.0716,logs/zoom-followup-after.log
zoom-followup-after,historical,macos,stage3_background_zoom,e9818f5132215fdf308293163d41a066c49d2d8a,2026-09-29,canvas,default_wgpu,gallery_4x_drag_partial,gallery_4x_drag_partial,3,20,33.1915,33.6756,32.1502,logs/zoom-followup-after.log
zoom-followup-after,historical,macos,stage3_background_zoom,e9818f5132215fdf308293163d41a066c49d2d8a,2026-09-29,canvas,default_wgpu,gallery_4x_pan,gallery_4x_pan,3,20,15.5878,17.8625,15.9301,logs/zoom-followup-after.log
zoom-followup-after,historical,macos,stage3_background_zoom,e9818f5132215fdf308293163d41a066c49d2d8a,2026-09-29,canvas,default_wgpu,gallery_4x_zoom,gallery_4x_zoom,3,20,24.2528,27.0992,24.4559,logs/zoom-followup-after.log
windows-broader-zoom-after,historical,windows,stage3_background_zoom,e9818f5132215fdf308293163d41a066c49d2d8a,2026-09-29,canvas,automatic_selection_not_recorded,gallery_1x_unselected_draw,gallery_1x_unselected_draw,3,20,3.0550,3.2310,3.0664,logs/windows-broader-zoom-after.log
windows-broader-zoom-after,historical,windows,stage3_background_zoom,e9818f5132215fdf308293163d41a066c49d2d8a,2026-09-29,canvas,automatic_selection_not_recorded,gallery_1x_selected_draw,gallery_1x_selected_draw,3,20,3.3515,3.4761,3.3389,logs/windows-broader-zoom-after.log
windows-broader-zoom-after,historical,windows,stage3_background_zoom,e9818f5132215fdf308293163d41a066c49d2d8a,2026-09-29,canvas,automatic_selection_not_recorded,gallery_1x_pointer_hit,gallery_1x_pointer_hit,3,20,0.0167,0.0339,0.0175,logs/windows-broader-zoom-after.log
windows-broader-zoom-after,historical,windows,stage3_background_zoom,e9818f5132215fdf308293163d41a066c49d2d8a,2026-09-29,canvas,automatic_selection_not_recorded,gallery_1x_drag_all,gallery_1x_drag_all,3,20,2.2888,2.3781,2.2980,logs/windows-broader-zoom-after.log
windows-broader-zoom-after,historical,windows,stage3_background_zoom,e9818f5132215fdf308293163d41a066c49d2d8a,2026-09-29,canvas,automatic_selection_not_recorded,gallery_1x_drag_partial,gallery_1x_drag_partial,3,20,5.3475,7.8510,5.5345,logs/windows-broader-zoom-after.log
windows-broader-zoom-after,historical,windows,stage3_background_zoom,e9818f5132215fdf308293163d41a066c49d2d8a,2026-09-29,canvas,automatic_selection_not_recorded,gallery_1x_pan,gallery_1x_pan,3,20,3.5449,3.6486,3.5283,logs/windows-broader-zoom-after.log
windows-broader-zoom-after,historical,windows,stage3_background_zoom,e9818f5132215fdf308293163d41a066c49d2d8a,2026-09-29,canvas,automatic_selection_not_recorded,gallery_1x_zoom,gallery_1x_zoom,3,20,31.4971,46.2620,29.5791,logs/windows-broader-zoom-after.log
windows-broader-zoom-after,historical,windows,stage3_background_zoom,e9818f5132215fdf308293163d41a066c49d2d8a,2026-09-29,canvas,automatic_selection_not_recorded,gallery_4x_unselected_draw,gallery_4x_unselected_draw,3,20,16.1632,16.9093,16.2261,logs/windows-broader-zoom-after.log
windows-broader-zoom-after,historical,windows,stage3_background_zoom,e9818f5132215fdf308293163d41a066c49d2d8a,2026-09-29,canvas,automatic_selection_not_recorded,gallery_4x_selected_draw,gallery_4x_selected_draw,3,20,17.1621,17.5670,17.0677,logs/windows-broader-zoom-after.log
windows-broader-zoom-after,historical,windows,stage3_background_zoom,e9818f5132215fdf308293163d41a066c49d2d8a,2026-09-29,canvas,automatic_selection_not_recorded,gallery_4x_pointer_hit,gallery_4x_pointer_hit,3,20,0.0685,0.0908,0.0706,logs/windows-broader-zoom-after.log
windows-broader-zoom-after,historical,windows,stage3_background_zoom,e9818f5132215fdf308293163d41a066c49d2d8a,2026-09-29,canvas,automatic_selection_not_recorded,gallery_4x_drag_all,gallery_4x_drag_all,3,20,6.8592,7.6221,6.9450,logs/windows-broader-zoom-after.log
windows-broader-zoom-after,historical,windows,stage3_background_zoom,e9818f5132215fdf308293163d41a066c49d2d8a,2026-09-29,canvas,automatic_selection_not_recorded,gallery_4x_drag_partial,gallery_4x_drag_partial,3,20,38.7188,40.2845,38.5378,logs/windows-broader-zoom-after.log
windows-broader-zoom-after,historical,windows,stage3_background_zoom,e9818f5132215fdf308293163d41a066c49d2d8a,2026-09-29,canvas,automatic_selection_not_recorded,gallery_4x_pan,gallery_4x_pan,3,20,17.2385,18.0176,17.3049,logs/windows-broader-zoom-after.log
windows-broader-zoom-after,historical,windows,stage3_background_zoom,e9818f5132215fdf308293163d41a066c49d2d8a,2026-09-29,canvas,automatic_selection_not_recorded,gallery_4x_zoom,gallery_4x_zoom,3,20,45.9253,56.5326,44.2077,logs/windows-broader-zoom-after.log
inspector-before-adjacent,historical,macos,stage2_docs,805b9fbf216ac90804244799568739881974aae7,2026-09-29,inspector,not_rendered,gallery_1x_none_collapsed_panel,gallery_1x_none_collapsed_panel,3,30,0.2698,0.2792,,logs/inspector-before-adjacent.log
inspector-before-adjacent,historical,macos,stage2_docs,805b9fbf216ac90804244799568739881974aae7,2026-09-29,inspector,not_rendered,gallery_1x_none_collapsed_view,gallery_1x_none_collapsed_view,3,30,0.2915,0.3045,,logs/inspector-before-adjacent.log
inspector-before-adjacent,historical,macos,stage2_docs,805b9fbf216ac90804244799568739881974aae7,2026-09-29,inspector,not_rendered,gallery_1x_none_expanded_panel,gallery_1x_none_expanded_panel,3,30,0.2862,0.2948,,logs/inspector-before-adjacent.log
inspector-before-adjacent,historical,macos,stage2_docs,805b9fbf216ac90804244799568739881974aae7,2026-09-29,inspector,not_rendered,gallery_1x_none_expanded_view,gallery_1x_none_expanded_view,3,30,0.3101,0.3224,,logs/inspector-before-adjacent.log
inspector-before-adjacent,historical,macos,stage2_docs,805b9fbf216ac90804244799568739881974aae7,2026-09-29,inspector,not_rendered,gallery_1x_single_collapsed_panel,gallery_1x_single_collapsed_panel,3,30,0.3838,0.3974,,logs/inspector-before-adjacent.log
inspector-before-adjacent,historical,macos,stage2_docs,805b9fbf216ac90804244799568739881974aae7,2026-09-29,inspector,not_rendered,gallery_1x_single_collapsed_view,gallery_1x_single_collapsed_view,3,30,0.4180,0.4311,,logs/inspector-before-adjacent.log
inspector-before-adjacent,historical,macos,stage2_docs,805b9fbf216ac90804244799568739881974aae7,2026-09-29,inspector,not_rendered,gallery_1x_single_expanded_panel,gallery_1x_single_expanded_panel,3,30,0.3793,0.3908,,logs/inspector-before-adjacent.log
inspector-before-adjacent,historical,macos,stage2_docs,805b9fbf216ac90804244799568739881974aae7,2026-09-29,inspector,not_rendered,gallery_1x_single_expanded_view,gallery_1x_single_expanded_view,3,30,0.4169,0.4233,,logs/inspector-before-adjacent.log
inspector-before-adjacent,historical,macos,stage2_docs,805b9fbf216ac90804244799568739881974aae7,2026-09-29,inspector,not_rendered,gallery_1x_all_collapsed_panel,gallery_1x_all_collapsed_panel,3,30,0.9208,0.9483,,logs/inspector-before-adjacent.log
inspector-before-adjacent,historical,macos,stage2_docs,805b9fbf216ac90804244799568739881974aae7,2026-09-29,inspector,not_rendered,gallery_1x_all_collapsed_view,gallery_1x_all_collapsed_view,3,30,1.1669,1.2350,,logs/inspector-before-adjacent.log
inspector-before-adjacent,historical,macos,stage2_docs,805b9fbf216ac90804244799568739881974aae7,2026-09-29,inspector,not_rendered,gallery_1x_all_expanded_panel,gallery_1x_all_expanded_panel,3,30,0.9137,0.9932,,logs/inspector-before-adjacent.log
inspector-before-adjacent,historical,macos,stage2_docs,805b9fbf216ac90804244799568739881974aae7,2026-09-29,inspector,not_rendered,gallery_1x_all_expanded_view,gallery_1x_all_expanded_view,3,30,1.2775,1.2915,,logs/inspector-before-adjacent.log
inspector-before-adjacent,historical,macos,stage2_docs,805b9fbf216ac90804244799568739881974aae7,2026-09-29,inspector,not_rendered,gallery_4x_none_collapsed_panel,gallery_4x_none_collapsed_panel,3,30,2.5616,2.6009,,logs/inspector-before-adjacent.log
inspector-before-adjacent,historical,macos,stage2_docs,805b9fbf216ac90804244799568739881974aae7,2026-09-29,inspector,not_rendered,gallery_4x_none_collapsed_view,gallery_4x_none_collapsed_view,3,30,2.6083,2.6374,,logs/inspector-before-adjacent.log
inspector-before-adjacent,historical,macos,stage2_docs,805b9fbf216ac90804244799568739881974aae7,2026-09-29,inspector,not_rendered,gallery_4x_none_expanded_panel,gallery_4x_none_expanded_panel,3,30,2.5580,2.6000,,logs/inspector-before-adjacent.log
inspector-before-adjacent,historical,macos,stage2_docs,805b9fbf216ac90804244799568739881974aae7,2026-09-29,inspector,not_rendered,gallery_4x_none_expanded_view,gallery_4x_none_expanded_view,3,30,2.5882,2.6319,,logs/inspector-before-adjacent.log
inspector-before-adjacent,historical,macos,stage2_docs,805b9fbf216ac90804244799568739881974aae7,2026-09-29,inspector,not_rendered,gallery_4x_single_collapsed_panel,gallery_4x_single_collapsed_panel,3,30,3.5436,3.5779,,logs/inspector-before-adjacent.log
inspector-before-adjacent,historical,macos,stage2_docs,805b9fbf216ac90804244799568739881974aae7,2026-09-29,inspector,not_rendered,gallery_4x_single_collapsed_view,gallery_4x_single_collapsed_view,3,30,3.6207,3.6507,,logs/inspector-before-adjacent.log
inspector-before-adjacent,historical,macos,stage2_docs,805b9fbf216ac90804244799568739881974aae7,2026-09-29,inspector,not_rendered,gallery_4x_single_expanded_panel,gallery_4x_single_expanded_panel,3,30,3.9597,4.2142,,logs/inspector-before-adjacent.log
inspector-before-adjacent,historical,macos,stage2_docs,805b9fbf216ac90804244799568739881974aae7,2026-09-29,inspector,not_rendered,gallery_4x_single_expanded_view,gallery_4x_single_expanded_view,3,30,4.0199,4.0701,,logs/inspector-before-adjacent.log
inspector-before-adjacent,historical,macos,stage2_docs,805b9fbf216ac90804244799568739881974aae7,2026-09-29,inspector,not_rendered,gallery_4x_all_collapsed_panel,gallery_4x_all_collapsed_panel,3,30,8.7707,8.9525,,logs/inspector-before-adjacent.log
inspector-before-adjacent,historical,macos,stage2_docs,805b9fbf216ac90804244799568739881974aae7,2026-09-29,inspector,not_rendered,gallery_4x_all_collapsed_view,gallery_4x_all_collapsed_view,3,30,11.1465,12.1578,,logs/inspector-before-adjacent.log
inspector-before-adjacent,historical,macos,stage2_docs,805b9fbf216ac90804244799568739881974aae7,2026-09-29,inspector,not_rendered,gallery_4x_all_expanded_panel,gallery_4x_all_expanded_panel,3,30,7.8291,8.7188,,logs/inspector-before-adjacent.log
inspector-before-adjacent,historical,macos,stage2_docs,805b9fbf216ac90804244799568739881974aae7,2026-09-29,inspector,not_rendered,gallery_4x_all_expanded_view,gallery_4x_all_expanded_view,3,30,11.4386,12.4812,,logs/inspector-before-adjacent.log
inspector-after,historical,macos,stage3_background_zoom,e9818f5132215fdf308293163d41a066c49d2d8a,2026-09-29,inspector,not_rendered,gallery_1x_none_collapsed_panel,gallery_1x_none_collapsed_panel,3,30,0.0438,0.0541,,logs/inspector-after.log
inspector-after,historical,macos,stage3_background_zoom,e9818f5132215fdf308293163d41a066c49d2d8a,2026-09-29,inspector,not_rendered,gallery_1x_none_collapsed_view,gallery_1x_none_collapsed_view,3,30,0.0697,0.0745,,logs/inspector-after.log
inspector-after,historical,macos,stage3_background_zoom,e9818f5132215fdf308293163d41a066c49d2d8a,2026-09-29,inspector,not_rendered,gallery_1x_none_expanded_panel,gallery_1x_none_expanded_panel,3,30,0.2725,0.2865,,logs/inspector-after.log
inspector-after,historical,macos,stage3_background_zoom,e9818f5132215fdf308293163d41a066c49d2d8a,2026-09-29,inspector,not_rendered,gallery_1x_none_expanded_view,gallery_1x_none_expanded_view,3,30,0.2908,0.3073,,logs/inspector-after.log
inspector-after,historical,macos,stage3_background_zoom,e9818f5132215fdf308293163d41a066c49d2d8a,2026-09-29,inspector,not_rendered,gallery_1x_single_collapsed_panel,gallery_1x_single_collapsed_panel,3,30,0.0965,0.0984,,logs/inspector-after.log
inspector-after,historical,macos,stage3_background_zoom,e9818f5132215fdf308293163d41a066c49d2d8a,2026-09-29,inspector,not_rendered,gallery_1x_single_collapsed_view,gallery_1x_single_collapsed_view,3,30,0.1550,0.1574,,logs/inspector-after.log
inspector-after,historical,macos,stage3_background_zoom,e9818f5132215fdf308293163d41a066c49d2d8a,2026-09-29,inspector,not_rendered,gallery_1x_single_expanded_panel,gallery_1x_single_expanded_panel,3,30,0.2860,0.2940,,logs/inspector-after.log
inspector-after,historical,macos,stage3_background_zoom,e9818f5132215fdf308293163d41a066c49d2d8a,2026-09-29,inspector,not_rendered,gallery_1x_single_expanded_view,gallery_1x_single_expanded_view,3,30,0.3430,0.3470,,logs/inspector-after.log
inspector-after,historical,macos,stage3_background_zoom,e9818f5132215fdf308293163d41a066c49d2d8a,2026-09-29,inspector,not_rendered,gallery_1x_all_collapsed_panel,gallery_1x_all_collapsed_panel,3,30,0.3127,0.3205,,logs/inspector-after.log
inspector-after,historical,macos,stage3_background_zoom,e9818f5132215fdf308293163d41a066c49d2d8a,2026-09-29,inspector,not_rendered,gallery_1x_all_collapsed_view,gallery_1x_all_collapsed_view,3,30,0.5253,0.5405,,logs/inspector-after.log
inspector-after,historical,macos,stage3_background_zoom,e9818f5132215fdf308293163d41a066c49d2d8a,2026-09-29,inspector,not_rendered,gallery_1x_all_expanded_panel,gallery_1x_all_expanded_panel,3,30,0.7155,0.7372,,logs/inspector-after.log
inspector-after,historical,macos,stage3_background_zoom,e9818f5132215fdf308293163d41a066c49d2d8a,2026-09-29,inspector,not_rendered,gallery_1x_all_expanded_view,gallery_1x_all_expanded_view,3,30,0.9243,0.9388,,logs/inspector-after.log
inspector-after,historical,macos,stage3_background_zoom,e9818f5132215fdf308293163d41a066c49d2d8a,2026-09-29,inspector,not_rendered,gallery_4x_none_collapsed_panel,gallery_4x_none_collapsed_panel,3,30,0.1727,0.2133,,logs/inspector-after.log
inspector-after,historical,macos,stage3_background_zoom,e9818f5132215fdf308293163d41a066c49d2d8a,2026-09-29,inspector,not_rendered,gallery_4x_none_collapsed_view,gallery_4x_none_collapsed_view,3,30,0.1935,0.2173,,logs/inspector-after.log
inspector-after,historical,macos,stage3_background_zoom,e9818f5132215fdf308293163d41a066c49d2d8a,2026-09-29,inspector,not_rendered,gallery_4x_none_expanded_panel,gallery_4x_none_expanded_panel,3,30,1.1195,1.1857,,logs/inspector-after.log
inspector-after,historical,macos,stage3_background_zoom,e9818f5132215fdf308293163d41a066c49d2d8a,2026-09-29,inspector,not_rendered,gallery_4x_none_expanded_view,gallery_4x_none_expanded_view,3,30,1.1678,1.2142,,logs/inspector-after.log
inspector-after,historical,macos,stage3_background_zoom,e9818f5132215fdf308293163d41a066c49d2d8a,2026-09-29,inspector,not_rendered,gallery_4x_single_collapsed_panel,gallery_4x_single_collapsed_panel,3,30,0.3669,0.4037,,logs/inspector-after.log
inspector-after,historical,macos,stage3_background_zoom,e9818f5132215fdf308293163d41a066c49d2d8a,2026-09-29,inspector,not_rendered,gallery_4x_single_collapsed_view,gallery_4x_single_collapsed_view,3,30,0.5202,0.5532,,logs/inspector-after.log
inspector-after,historical,macos,stage3_background_zoom,e9818f5132215fdf308293163d41a066c49d2d8a,2026-09-29,inspector,not_rendered,gallery_4x_single_expanded_panel,gallery_4x_single_expanded_panel,3,30,1.9163,1.9448,,logs/inspector-after.log
inspector-after,historical,macos,stage3_background_zoom,e9818f5132215fdf308293163d41a066c49d2d8a,2026-09-29,inspector,not_rendered,gallery_4x_single_expanded_view,gallery_4x_single_expanded_view,3,30,2.0119,2.0922,,logs/inspector-after.log
inspector-after,historical,macos,stage3_background_zoom,e9818f5132215fdf308293163d41a066c49d2d8a,2026-09-29,inspector,not_rendered,gallery_4x_all_collapsed_panel,gallery_4x_all_collapsed_panel,3,30,1.2270,1.2837,,logs/inspector-after.log
inspector-after,historical,macos,stage3_background_zoom,e9818f5132215fdf308293163d41a066c49d2d8a,2026-09-29,inspector,not_rendered,gallery_4x_all_collapsed_view,gallery_4x_all_collapsed_view,3,30,2.9770,3.0452,,logs/inspector-after.log
inspector-after,historical,macos,stage3_background_zoom,e9818f5132215fdf308293163d41a066c49d2d8a,2026-09-29,inspector,not_rendered,gallery_4x_all_expanded_panel,gallery_4x_all_expanded_panel,3,30,3.1639,3.2280,,logs/inspector-after.log
inspector-after,historical,macos,stage3_background_zoom,e9818f5132215fdf308293163d41a066c49d2d8a,2026-09-29,inspector,not_rendered,gallery_4x_all_expanded_view,gallery_4x_all_expanded_view,3,30,4.9701,5.1290,,logs/inspector-after.log
windows-broader-inspector,historical,windows,stage3_background_zoom,e9818f5132215fdf308293163d41a066c49d2d8a,2026-09-29,inspector,not_rendered,gallery_1x_none_collapsed_panel,gallery_1x_none_collapsed_panel,3,30,0.0475,0.0496,,logs/windows-broader-inspector.log
windows-broader-inspector,historical,windows,stage3_background_zoom,e9818f5132215fdf308293163d41a066c49d2d8a,2026-09-29,inspector,not_rendered,gallery_1x_none_collapsed_view,gallery_1x_none_collapsed_view,3,30,0.0823,0.0930,,logs/windows-broader-inspector.log
windows-broader-inspector,historical,windows,stage3_background_zoom,e9818f5132215fdf308293163d41a066c49d2d8a,2026-09-29,inspector,not_rendered,gallery_1x_none_expanded_panel,gallery_1x_none_expanded_panel,3,30,0.3134,0.3326,,logs/windows-broader-inspector.log
windows-broader-inspector,historical,windows,stage3_background_zoom,e9818f5132215fdf308293163d41a066c49d2d8a,2026-09-29,inspector,not_rendered,gallery_1x_none_expanded_view,gallery_1x_none_expanded_view,3,30,0.3993,0.6526,,logs/windows-broader-inspector.log
windows-broader-inspector,historical,windows,stage3_background_zoom,e9818f5132215fdf308293163d41a066c49d2d8a,2026-09-29,inspector,not_rendered,gallery_1x_single_collapsed_panel,gallery_1x_single_collapsed_panel,3,30,0.1778,0.1971,,logs/windows-broader-inspector.log
windows-broader-inspector,historical,windows,stage3_background_zoom,e9818f5132215fdf308293163d41a066c49d2d8a,2026-09-29,inspector,not_rendered,gallery_1x_single_collapsed_view,gallery_1x_single_collapsed_view,3,30,0.3186,0.3510,,logs/windows-broader-inspector.log
windows-broader-inspector,historical,windows,stage3_background_zoom,e9818f5132215fdf308293163d41a066c49d2d8a,2026-09-29,inspector,not_rendered,gallery_1x_single_expanded_panel,gallery_1x_single_expanded_panel,3,30,0.5201,0.5698,,logs/windows-broader-inspector.log
windows-broader-inspector,historical,windows,stage3_background_zoom,e9818f5132215fdf308293163d41a066c49d2d8a,2026-09-29,inspector,not_rendered,gallery_1x_single_expanded_view,gallery_1x_single_expanded_view,3,30,0.6780,1.0233,,logs/windows-broader-inspector.log
windows-broader-inspector,historical,windows,stage3_background_zoom,e9818f5132215fdf308293163d41a066c49d2d8a,2026-09-29,inspector,not_rendered,gallery_1x_all_collapsed_panel,gallery_1x_all_collapsed_panel,3,30,0.4010,0.4279,,logs/windows-broader-inspector.log
windows-broader-inspector,historical,windows,stage3_background_zoom,e9818f5132215fdf308293163d41a066c49d2d8a,2026-09-29,inspector,not_rendered,gallery_1x_all_collapsed_view,gallery_1x_all_collapsed_view,3,30,0.7548,0.8767,,logs/windows-broader-inspector.log
windows-broader-inspector,historical,windows,stage3_background_zoom,e9818f5132215fdf308293163d41a066c49d2d8a,2026-09-29,inspector,not_rendered,gallery_1x_all_expanded_panel,gallery_1x_all_expanded_panel,3,30,1.1444,1.3027,,logs/windows-broader-inspector.log
windows-broader-inspector,historical,windows,stage3_background_zoom,e9818f5132215fdf308293163d41a066c49d2d8a,2026-09-29,inspector,not_rendered,gallery_1x_all_expanded_view,gallery_1x_all_expanded_view,3,30,1.5173,1.6286,,logs/windows-broader-inspector.log
windows-broader-inspector,historical,windows,stage3_background_zoom,e9818f5132215fdf308293163d41a066c49d2d8a,2026-09-29,inspector,not_rendered,gallery_4x_none_collapsed_panel,gallery_4x_none_collapsed_panel,3,30,0.1873,0.2042,,logs/windows-broader-inspector.log
windows-broader-inspector,historical,windows,stage3_background_zoom,e9818f5132215fdf308293163d41a066c49d2d8a,2026-09-29,inspector,not_rendered,gallery_4x_none_collapsed_view,gallery_4x_none_collapsed_view,3,30,0.2479,0.2761,,logs/windows-broader-inspector.log
windows-broader-inspector,historical,windows,stage3_background_zoom,e9818f5132215fdf308293163d41a066c49d2d8a,2026-09-29,inspector,not_rendered,gallery_4x_none_expanded_panel,gallery_4x_none_expanded_panel,3,30,1.7005,2.2764,,logs/windows-broader-inspector.log
windows-broader-inspector,historical,windows,stage3_background_zoom,e9818f5132215fdf308293163d41a066c49d2d8a,2026-09-29,inspector,not_rendered,gallery_4x_none_expanded_view,gallery_4x_none_expanded_view,3,30,1.9226,2.0614,,logs/windows-broader-inspector.log
windows-broader-inspector,historical,windows,stage3_background_zoom,e9818f5132215fdf308293163d41a066c49d2d8a,2026-09-29,inspector,not_rendered,gallery_4x_single_collapsed_panel,gallery_4x_single_collapsed_panel,3,30,0.5184,0.6163,,logs/windows-broader-inspector.log
windows-broader-inspector,historical,windows,stage3_background_zoom,e9818f5132215fdf308293163d41a066c49d2d8a,2026-09-29,inspector,not_rendered,gallery_4x_single_collapsed_view,gallery_4x_single_collapsed_view,3,30,0.7516,0.7828,,logs/windows-broader-inspector.log
windows-broader-inspector,historical,windows,stage3_background_zoom,e9818f5132215fdf308293163d41a066c49d2d8a,2026-09-29,inspector,not_rendered,gallery_4x_single_expanded_panel,gallery_4x_single_expanded_panel,3,30,3.0284,3.1330,,logs/windows-broader-inspector.log
windows-broader-inspector,historical,windows,stage3_background_zoom,e9818f5132215fdf308293163d41a066c49d2d8a,2026-09-29,inspector,not_rendered,gallery_4x_single_expanded_view,gallery_4x_single_expanded_view,3,30,3.4046,5.7561,,logs/windows-broader-inspector.log
windows-broader-inspector,historical,windows,stage3_background_zoom,e9818f5132215fdf308293163d41a066c49d2d8a,2026-09-29,inspector,not_rendered,gallery_4x_all_collapsed_panel,gallery_4x_all_collapsed_panel,3,30,1.6698,2.9232,,logs/windows-broader-inspector.log
windows-broader-inspector,historical,windows,stage3_background_zoom,e9818f5132215fdf308293163d41a066c49d2d8a,2026-09-29,inspector,not_rendered,gallery_4x_all_collapsed_view,gallery_4x_all_collapsed_view,3,30,4.1484,4.4350,,logs/windows-broader-inspector.log
windows-broader-inspector,historical,windows,stage3_background_zoom,e9818f5132215fdf308293163d41a066c49d2d8a,2026-09-29,inspector,not_rendered,gallery_4x_all_expanded_panel,gallery_4x_all_expanded_panel,3,30,5.2015,5.6298,,logs/windows-broader-inspector.log
windows-broader-inspector,historical,windows,stage3_background_zoom,e9818f5132215fdf308293163d41a066c49d2d8a,2026-09-29,inspector,not_rendered,gallery_4x_all_expanded_view,gallery_4x_all_expanded_view,3,30,7.7102,8.1451,,logs/windows-broader-inspector.log
broader-autosave,historical,macos,stage3_background_zoom,e9818f5132215fdf308293163d41a066c49d2d8a,2026-09-29,recovery,not_rendered,gallery_1x_recovery_synchronous,gallery_1x_recovery_synchronous,3,30,6.1640,8.3475,,logs/broader-autosave.log
broader-autosave,historical,macos,stage3_background_zoom,e9818f5132215fdf308293163d41a066c49d2d8a,2026-09-29,recovery,not_rendered,gallery_1x_recovery_dispatch,gallery_1x_recovery_dispatch,3,30,0.2031,0.3093,,logs/broader-autosave.log
broader-autosave,historical,macos,stage3_background_zoom,e9818f5132215fdf308293163d41a066c49d2d8a,2026-09-29,recovery,not_rendered,gallery_1x_recovery_roundtrip,gallery_1x_recovery_roundtrip,3,30,8.3974,9.3325,,logs/broader-autosave.log
broader-autosave,historical,macos,stage3_background_zoom,e9818f5132215fdf308293163d41a066c49d2d8a,2026-09-29,recovery,not_rendered,gallery_4x_recovery_synchronous,gallery_4x_recovery_synchronous,3,30,11.0326,12.2470,,logs/broader-autosave.log
broader-autosave,historical,macos,stage3_background_zoom,e9818f5132215fdf308293163d41a066c49d2d8a,2026-09-29,recovery,not_rendered,gallery_4x_recovery_dispatch,gallery_4x_recovery_dispatch,3,30,0.3737,0.5462,,logs/broader-autosave.log
broader-autosave,historical,macos,stage3_background_zoom,e9818f5132215fdf308293163d41a066c49d2d8a,2026-09-29,recovery,not_rendered,gallery_4x_recovery_roundtrip,gallery_4x_recovery_roundtrip,3,30,10.0365,12.0557,,logs/broader-autosave.log
windows-broader-autosave,historical,windows,stage3_background_zoom,e9818f5132215fdf308293163d41a066c49d2d8a,2026-09-29,recovery,not_rendered,gallery_1x_recovery_synchronous,gallery_1x_recovery_synchronous,3,30,3.5248,4.1647,,logs/windows-broader-autosave.log
windows-broader-autosave,historical,windows,stage3_background_zoom,e9818f5132215fdf308293163d41a066c49d2d8a,2026-09-29,recovery,not_rendered,gallery_1x_recovery_dispatch,gallery_1x_recovery_dispatch,3,30,0.2177,0.2466,,logs/windows-broader-autosave.log
windows-broader-autosave,historical,windows,stage3_background_zoom,e9818f5132215fdf308293163d41a066c49d2d8a,2026-09-29,recovery,not_rendered,gallery_1x_recovery_roundtrip,gallery_1x_recovery_roundtrip,3,30,3.7806,4.5515,,logs/windows-broader-autosave.log
windows-broader-autosave,historical,windows,stage3_background_zoom,e9818f5132215fdf308293163d41a066c49d2d8a,2026-09-29,recovery,not_rendered,gallery_4x_recovery_synchronous,gallery_4x_recovery_synchronous,3,30,8.1958,10.4775,,logs/windows-broader-autosave.log
windows-broader-autosave,historical,windows,stage3_background_zoom,e9818f5132215fdf308293163d41a066c49d2d8a,2026-09-29,recovery,not_rendered,gallery_4x_recovery_dispatch,gallery_4x_recovery_dispatch,3,30,0.7522,0.8711,,logs/windows-broader-autosave.log
windows-broader-autosave,historical,windows,stage3_background_zoom,e9818f5132215fdf308293163d41a066c49d2d8a,2026-09-29,recovery,not_rendered,gallery_4x_recovery_roundtrip,gallery_4x_recovery_roundtrip,3,30,8.0991,10.0428,,logs/windows-broader-autosave.log
broader-files,historical,macos,stage3_background_zoom,e9818f5132215fdf308293163d41a066c49d2d8a,2026-09-29,files,not_rendered,native_parse_validate_1x,native_parse_validate_1x,3,30,0.636,0.678,,logs/broader-files.log
broader-files,historical,macos,stage3_background_zoom,e9818f5132215fdf308293163d41a066c49d2d8a,2026-09-29,files,not_rendered,native_serialize_1x,native_serialize_1x,3,30,0.389,0.402,,logs/broader-files.log
broader-files,historical,macos,stage3_background_zoom,e9818f5132215fdf308293163d41a066c49d2d8a,2026-09-29,files,not_rendered,library_load_512,library_load_512,3,30,0.765,0.770,,logs/broader-files.log
broader-files,historical,macos,stage3_background_zoom,e9818f5132215fdf308293163d41a066c49d2d8a,2026-09-29,files,not_rendered,library_save_checked_512,library_save_checked_512,3,30,7.067,9.094,,logs/broader-files.log
broader-files,historical,macos,stage3_background_zoom,e9818f5132215fdf308293163d41a066c49d2d8a,2026-09-29,files,not_rendered,library_parse_validate_512,library_parse_validate_512,3,30,0.698,1.527,,logs/broader-files.log
windows-broader-files,historical,windows,stage3_background_zoom,e9818f5132215fdf308293163d41a066c49d2d8a,2026-09-29,files,not_rendered,native_parse_validate_1x,native_parse_validate_1x,3,30,1.156,1.227,,logs/windows-broader-files.log
windows-broader-files,historical,windows,stage3_background_zoom,e9818f5132215fdf308293163d41a066c49d2d8a,2026-09-29,files,not_rendered,native_serialize_1x,native_serialize_1x,3,30,0.666,0.780,,logs/windows-broader-files.log
windows-broader-files,historical,windows,stage3_background_zoom,e9818f5132215fdf308293163d41a066c49d2d8a,2026-09-29,files,not_rendered,library_load_512,library_load_512,3,30,1.965,2.385,,logs/windows-broader-files.log
windows-broader-files,historical,windows,stage3_background_zoom,e9818f5132215fdf308293163d41a066c49d2d8a,2026-09-29,files,not_rendered,library_save_checked_512,library_save_checked_512,3,30,13.745,16.543,,logs/windows-broader-files.log
windows-broader-files,historical,windows,stage3_background_zoom,e9818f5132215fdf308293163d41a066c49d2d8a,2026-09-29,files,not_rendered,library_parse_validate_512,library_parse_validate_512,3,30,1.603,2.110,,logs/windows-broader-files.log
broader-themes,rejected_experiment,macos,rejected_theme_experiment,,2026-09-29,themes,not_rendered,theme_library_load_300 baseline=true,theme_library_load_300 baseline=true,3,30,5.450,5.998,,logs/broader-themes.log
broader-themes,rejected_experiment,macos,rejected_theme_experiment,,2026-09-29,themes,not_rendered,theme_library_load_300 baseline=false,theme_library_load_300 baseline=false,3,30,6.362,6.694,,logs/broader-themes.log
history-macos-v091-canvas,matched_release_current,macos,stable_v091,167d893c5007ea665456652897791844c5ef9fce,2026-09-29,canvas,default_wgpu,gallery_1x_unselected_draw,gallery_1x_unselected_draw,3,20,49.4139,53.9359,49.4644,logs/history-macos-v091-canvas.log
history-macos-v091-canvas,matched_release_current,macos,stable_v091,167d893c5007ea665456652897791844c5ef9fce,2026-09-29,canvas,default_wgpu,gallery_1x_selected_draw,gallery_1x_selected_draw,3,20,95.1170,105.6342,96.5092,logs/history-macos-v091-canvas.log
history-macos-v091-canvas,matched_release_current,macos,stable_v091,167d893c5007ea665456652897791844c5ef9fce,2026-09-29,canvas,default_wgpu,gallery_1x_pointer_hit,gallery_1x_pointer_hit,3,20,26.7963,27.9233,26.6584,logs/history-macos-v091-canvas.log
history-macos-v091-canvas,matched_release_current,macos,stable_v091,167d893c5007ea665456652897791844c5ef9fce,2026-09-29,canvas,default_wgpu,gallery_1x_drag_all,gallery_1x_drag_all,3,20,110.7384,121.2478,111.7213,logs/history-macos-v091-canvas.log
history-macos-v091-canvas,matched_release_current,macos,stable_v091,167d893c5007ea665456652897791844c5ef9fce,2026-09-29,canvas,default_wgpu,gallery_1x_drag_partial,gallery_1x_drag_partial,3,20,50.5438,57.0954,49.9464,logs/history-macos-v091-canvas.log
history-macos-v091-canvas,matched_release_current,macos,stable_v091,167d893c5007ea665456652897791844c5ef9fce,2026-09-29,canvas,default_wgpu,gallery_1x_pan,gallery_1x_pan,3,20,95.2613,105.1348,94.5827,logs/history-macos-v091-canvas.log
history-macos-v091-canvas,matched_release_current,macos,stable_v091,167d893c5007ea665456652897791844c5ef9fce,2026-09-29,canvas,default_wgpu,gallery_1x_zoom,gallery_1x_zoom,3,20,89.2322,95.7240,90.1514,logs/history-macos-v091-canvas.log
history-macos-v091-canvas,matched_release_current,macos,stable_v091,167d893c5007ea665456652897791844c5ef9fce,2026-09-29,canvas,default_wgpu,gallery_4x_unselected_draw,gallery_4x_unselected_draw,3,20,325.8274,378.3733,327.4704,logs/history-macos-v091-canvas.log
history-macos-v091-canvas,matched_release_current,macos,stable_v091,167d893c5007ea665456652897791844c5ef9fce,2026-09-29,canvas,default_wgpu,gallery_4x_selected_draw,gallery_4x_selected_draw,3,20,462.6175,515.8051,468.9434,logs/history-macos-v091-canvas.log
history-macos-v091-canvas,matched_release_current,macos,stable_v091,167d893c5007ea665456652897791844c5ef9fce,2026-09-29,canvas,default_wgpu,gallery_4x_pointer_hit,gallery_4x_pointer_hit,3,20,104.0565,114.3947,104.3430,logs/history-macos-v091-canvas.log
history-macos-v091-canvas,matched_release_current,macos,stable_v091,167d893c5007ea665456652897791844c5ef9fce,2026-09-29,canvas,default_wgpu,gallery_4x_drag_all,gallery_4x_drag_all,3,20,557.1426,618.7043,562.4438,logs/history-macos-v091-canvas.log
history-macos-v091-canvas,matched_release_current,macos,stable_v091,167d893c5007ea665456652897791844c5ef9fce,2026-09-29,canvas,default_wgpu,gallery_4x_drag_partial,gallery_4x_drag_partial,3,20,288.0220,364.7834,292.8982,logs/history-macos-v091-canvas.log
history-macos-v091-canvas,matched_release_current,macos,stable_v091,167d893c5007ea665456652897791844c5ef9fce,2026-09-29,canvas,default_wgpu,gallery_4x_pan,gallery_4x_pan,3,20,458.9398,499.8488,463.8075,logs/history-macos-v091-canvas.log
history-macos-v091-canvas,matched_release_current,macos,stable_v091,167d893c5007ea665456652897791844c5ef9fce,2026-09-29,canvas,default_wgpu,gallery_4x_zoom,gallery_4x_zoom,3,20,452.9737,499.0908,459.3746,logs/history-macos-v091-canvas.log
history-macos-v091-editing,matched_release_current,macos,stable_v091,167d893c5007ea665456652897791844c5ef9fce,2026-09-29,editing,not_rendered,gallery_0x_validate,gallery_0x_validate,3,30,0.0008,0.0020,,logs/history-macos-v091-editing.log
history-macos-v091-editing,matched_release_current,macos,stable_v091,167d893c5007ea665456652897791844c5ef9fce,2026-09-29,editing,not_rendered,gallery_0x_groups,gallery_0x_groups,3,30,0.0003,0.0015,,logs/history-macos-v091-editing.log
history-macos-v091-editing,matched_release_current,macos,stable_v091,167d893c5007ea665456652897791844c5ef9fce,2026-09-29,editing,not_rendered,gallery_0x_oxygen_hotkey,gallery_0x_oxygen_hotkey,3,30,0.0285,0.0333,,logs/history-macos-v091-editing.log
history-macos-v091-editing,matched_release_current,macos,stable_v091,167d893c5007ea665456652897791844c5ef9fce,2026-09-29,editing,not_rendered,gallery_0x_idle_update,gallery_0x_idle_update,3,30,0.0000,0.0000,,logs/history-macos-v091-editing.log
history-macos-v091-editing,matched_release_current,macos,stable_v091,167d893c5007ea665456652897791844c5ef9fce,2026-09-29,editing,not_rendered,gallery_0x_view,gallery_0x_view,3,30,0.0351,0.0408,,logs/history-macos-v091-editing.log
history-macos-v091-editing,matched_release_current,macos,stable_v091,167d893c5007ea665456652897791844c5ef9fce,2026-09-29,editing,not_rendered,mmethanol_full_analysis,methanol_full_analysis,3,30,1.9822,2.1792,,logs/history-macos-v091-editing.log
history-macos-v091-editing,matched_release_current,macos,stable_v091,167d893c5007ea665456652897791844c5ef9fce,2026-09-29,editing,not_rendered,mmethanol_drawing_labels,methanol_drawing_labels,3,30,0.0150,0.0156,,logs/history-macos-v091-editing.log
history-macos-v091-editing,matched_release_current,macos,stable_v091,167d893c5007ea665456652897791844c5ef9fce,2026-09-29,editing,not_rendered,gallery_1x_validate,gallery_1x_validate,3,30,0.4189,0.4311,,logs/history-macos-v091-editing.log
history-macos-v091-editing,matched_release_current,macos,stable_v091,167d893c5007ea665456652897791844c5ef9fce,2026-09-29,editing,not_rendered,gallery_1x_groups,gallery_1x_groups,3,30,0.3334,0.3367,,logs/history-macos-v091-editing.log
history-macos-v091-editing,matched_release_current,macos,stable_v091,167d893c5007ea665456652897791844c5ef9fce,2026-09-29,editing,not_rendered,gallery_1x_oxygen_hotkey,gallery_1x_oxygen_hotkey,3,30,3.0028,3.0670,,logs/history-macos-v091-editing.log
history-macos-v091-editing,matched_release_current,macos,stable_v091,167d893c5007ea665456652897791844c5ef9fce,2026-09-29,editing,not_rendered,gallery_1x_idle_update,gallery_1x_idle_update,3,30,0.0000,0.0000,,logs/history-macos-v091-editing.log
history-macos-v091-editing,matched_release_current,macos,stable_v091,167d893c5007ea665456652897791844c5ef9fce,2026-09-29,editing,not_rendered,gallery_1x_view,gallery_1x_view,3,30,0.3150,0.3189,,logs/history-macos-v091-editing.log
history-macos-v091-editing,matched_release_current,macos,stable_v091,167d893c5007ea665456652897791844c5ef9fce,2026-09-29,editing,not_rendered,gallery_4x_validate,gallery_4x_validate,3,30,5.2524,5.7876,,logs/history-macos-v091-editing.log
history-macos-v091-editing,matched_release_current,macos,stable_v091,167d893c5007ea665456652897791844c5ef9fce,2026-09-29,editing,not_rendered,gallery_4x_groups,gallery_4x_groups,3,30,7.4676,7.4894,,logs/history-macos-v091-editing.log
history-macos-v091-editing,matched_release_current,macos,stable_v091,167d893c5007ea665456652897791844c5ef9fce,2026-09-29,editing,not_rendered,gallery_4x_oxygen_hotkey,gallery_4x_oxygen_hotkey,3,30,34.7809,35.4867,,logs/history-macos-v091-editing.log
history-macos-v091-editing,matched_release_current,macos,stable_v091,167d893c5007ea665456652897791844c5ef9fce,2026-09-29,editing,not_rendered,gallery_4x_idle_update,gallery_4x_idle_update,3,30,0.0000,0.0000,,logs/history-macos-v091-editing.log
history-macos-v091-editing,matched_release_current,macos,stable_v091,167d893c5007ea665456652897791844c5ef9fce,2026-09-29,editing,not_rendered,gallery_4x_view,gallery_4x_view,3,30,3.0210,3.1155,,logs/history-macos-v091-editing.log
history-macos-v091-inspector,matched_release_current,macos,stable_v091,167d893c5007ea665456652897791844c5ef9fce,2026-09-29,inspector,not_rendered,gallery_1x_none_collapsed_panel,gallery_1x_none_collapsed_panel,3,30,0.4671,0.4779,,logs/history-macos-v091-inspector.log
history-macos-v091-inspector,matched_release_current,macos,stable_v091,167d893c5007ea665456652897791844c5ef9fce,2026-09-29,inspector,not_rendered,gallery_1x_none_collapsed_view,gallery_1x_none_collapsed_view,3,30,0.4852,0.5177,,logs/history-macos-v091-inspector.log
history-macos-v091-inspector,matched_release_current,macos,stable_v091,167d893c5007ea665456652897791844c5ef9fce,2026-09-29,inspector,not_rendered,gallery_1x_none_expanded_panel,gallery_1x_none_expanded_panel,3,30,0.4977,0.5116,,logs/history-macos-v091-inspector.log
history-macos-v091-inspector,matched_release_current,macos,stable_v091,167d893c5007ea665456652897791844c5ef9fce,2026-09-29,inspector,not_rendered,gallery_1x_none_expanded_view,gallery_1x_none_expanded_view,3,30,0.4828,0.4960,,logs/history-macos-v091-inspector.log
history-macos-v091-inspector,matched_release_current,macos,stable_v091,167d893c5007ea665456652897791844c5ef9fce,2026-09-29,inspector,not_rendered,gallery_1x_single_collapsed_panel,gallery_1x_single_collapsed_panel,3,30,0.2695,0.2705,,logs/history-macos-v091-inspector.log
history-macos-v091-inspector,matched_release_current,macos,stable_v091,167d893c5007ea665456652897791844c5ef9fce,2026-09-29,inspector,not_rendered,gallery_1x_single_collapsed_view,gallery_1x_single_collapsed_view,3,30,0.3055,0.3074,,logs/history-macos-v091-inspector.log
history-macos-v091-inspector,matched_release_current,macos,stable_v091,167d893c5007ea665456652897791844c5ef9fce,2026-09-29,inspector,not_rendered,gallery_1x_single_expanded_panel,gallery_1x_single_expanded_panel,3,30,0.2687,0.2702,,logs/history-macos-v091-inspector.log
history-macos-v091-inspector,matched_release_current,macos,stable_v091,167d893c5007ea665456652897791844c5ef9fce,2026-09-29,inspector,not_rendered,gallery_1x_single_expanded_view,gallery_1x_single_expanded_view,3,30,0.2827,0.2862,,logs/history-macos-v091-inspector.log
history-macos-v091-inspector,matched_release_current,macos,stable_v091,167d893c5007ea665456652897791844c5ef9fce,2026-09-29,inspector,not_rendered,gallery_1x_all_collapsed_panel,gallery_1x_all_collapsed_panel,3,30,1.4210,1.5366,,logs/history-macos-v091-inspector.log
history-macos-v091-inspector,matched_release_current,macos,stable_v091,167d893c5007ea665456652897791844c5ef9fce,2026-09-29,inspector,not_rendered,gallery_1x_all_collapsed_view,gallery_1x_all_collapsed_view,3,30,1.6583,1.7797,,logs/history-macos-v091-inspector.log
history-macos-v091-inspector,matched_release_current,macos,stable_v091,167d893c5007ea665456652897791844c5ef9fce,2026-09-29,inspector,not_rendered,gallery_1x_all_expanded_panel,gallery_1x_all_expanded_panel,3,30,1.4192,1.5376,,logs/history-macos-v091-inspector.log
history-macos-v091-inspector,matched_release_current,macos,stable_v091,167d893c5007ea665456652897791844c5ef9fce,2026-09-29,inspector,not_rendered,gallery_1x_all_expanded_view,gallery_1x_all_expanded_view,3,30,1.6482,1.7741,,logs/history-macos-v091-inspector.log
history-macos-v091-inspector,matched_release_current,macos,stable_v091,167d893c5007ea665456652897791844c5ef9fce,2026-09-29,inspector,not_rendered,gallery_4x_none_collapsed_panel,gallery_4x_none_collapsed_panel,3,30,6.6463,6.7545,,logs/history-macos-v091-inspector.log
history-macos-v091-inspector,matched_release_current,macos,stable_v091,167d893c5007ea665456652897791844c5ef9fce,2026-09-29,inspector,not_rendered,gallery_4x_none_collapsed_view,gallery_4x_none_collapsed_view,3,30,6.6784,7.0552,,logs/history-macos-v091-inspector.log
history-macos-v091-inspector,matched_release_current,macos,stable_v091,167d893c5007ea665456652897791844c5ef9fce,2026-09-29,inspector,not_rendered,gallery_4x_none_expanded_panel,gallery_4x_none_expanded_panel,3,30,6.5949,6.6548,,logs/history-macos-v091-inspector.log
history-macos-v091-inspector,matched_release_current,macos,stable_v091,167d893c5007ea665456652897791844c5ef9fce,2026-09-29,inspector,not_rendered,gallery_4x_none_expanded_view,gallery_4x_none_expanded_view,3,30,6.6226,6.7036,,logs/history-macos-v091-inspector.log
history-macos-v091-inspector,matched_release_current,macos,stable_v091,167d893c5007ea665456652897791844c5ef9fce,2026-09-29,inspector,not_rendered,gallery_4x_single_collapsed_panel,gallery_4x_single_collapsed_panel,3,30,2.8456,2.8663,,logs/history-macos-v091-inspector.log
history-macos-v091-inspector,matched_release_current,macos,stable_v091,167d893c5007ea665456652897791844c5ef9fce,2026-09-29,inspector,not_rendered,gallery_4x_single_collapsed_view,gallery_4x_single_collapsed_view,3,30,2.9579,2.9806,,logs/history-macos-v091-inspector.log
history-macos-v091-inspector,matched_release_current,macos,stable_v091,167d893c5007ea665456652897791844c5ef9fce,2026-09-29,inspector,not_rendered,gallery_4x_single_expanded_panel,gallery_4x_single_expanded_panel,3,30,2.8090,3.0773,,logs/history-macos-v091-inspector.log
history-macos-v091-inspector,matched_release_current,macos,stable_v091,167d893c5007ea665456652897791844c5ef9fce,2026-09-29,inspector,not_rendered,gallery_4x_single_expanded_view,gallery_4x_single_expanded_view,3,30,2.8796,3.1576,,logs/history-macos-v091-inspector.log
history-macos-v091-inspector,matched_release_current,macos,stable_v091,167d893c5007ea665456652897791844c5ef9fce,2026-09-29,inspector,not_rendered,gallery_4x_all_collapsed_panel,gallery_4x_all_collapsed_panel,3,30,27.9083,30.8422,,logs/history-macos-v091-inspector.log
history-macos-v091-inspector,matched_release_current,macos,stable_v091,167d893c5007ea665456652897791844c5ef9fce,2026-09-29,inspector,not_rendered,gallery_4x_all_collapsed_view,gallery_4x_all_collapsed_view,3,30,28.4339,29.8972,,logs/history-macos-v091-inspector.log
history-macos-v091-inspector,matched_release_current,macos,stable_v091,167d893c5007ea665456652897791844c5ef9fce,2026-09-29,inspector,not_rendered,gallery_4x_all_expanded_panel,gallery_4x_all_expanded_panel,3,30,25.2134,27.7935,,logs/history-macos-v091-inspector.log
history-macos-v091-inspector,matched_release_current,macos,stable_v091,167d893c5007ea665456652897791844c5ef9fce,2026-09-29,inspector,not_rendered,gallery_4x_all_expanded_view,gallery_4x_all_expanded_view,3,30,28.4765,28.8280,,logs/history-macos-v091-inspector.log
history-macos-v091-recovery,matched_release_current,macos,stable_v091,167d893c5007ea665456652897791844c5ef9fce,2026-09-29,recovery,not_rendered,gallery_1x_recovery_tick,gallery_1x_recovery_tick,3,30,5.2598,5.8468,,logs/history-macos-v091-recovery.log
history-macos-v091-recovery,matched_release_current,macos,stable_v091,167d893c5007ea665456652897791844c5ef9fce,2026-09-29,recovery,not_rendered,gallery_4x_recovery_tick,gallery_4x_recovery_tick,3,30,11.7247,13.1896,,logs/history-macos-v091-recovery.log
history-macos-head-canvas,matched_release_current,macos,current,ee2ce1afe2d56fb58794d9a6872c3988cb9b67ba,2026-09-29,canvas,default_wgpu,gallery_1x_unselected_draw,gallery_1x_unselected_draw,3,20,1.5534,1.7334,1.5714,logs/history-macos-head-canvas.log
history-macos-head-canvas,matched_release_current,macos,current,ee2ce1afe2d56fb58794d9a6872c3988cb9b67ba,2026-09-29,canvas,default_wgpu,gallery_1x_selected_draw,gallery_1x_selected_draw,3,20,1.6314,1.6467,1.6320,logs/history-macos-head-canvas.log
history-macos-head-canvas,matched_release_current,macos,current,ee2ce1afe2d56fb58794d9a6872c3988cb9b67ba,2026-09-29,canvas,default_wgpu,gallery_1x_pointer_hit,gallery_1x_pointer_hit,3,20,0.0143,0.0146,0.0143,logs/history-macos-head-canvas.log
history-macos-head-canvas,matched_release_current,macos,current,ee2ce1afe2d56fb58794d9a6872c3988cb9b67ba,2026-09-29,canvas,default_wgpu,gallery_1x_drag_all,gallery_1x_drag_all,3,20,0.9695,0.9763,0.9700,logs/history-macos-head-canvas.log
history-macos-head-canvas,matched_release_current,macos,current,ee2ce1afe2d56fb58794d9a6872c3988cb9b67ba,2026-09-29,canvas,default_wgpu,gallery_1x_drag_partial,gallery_1x_drag_partial,3,20,2.6501,2.6685,2.6502,logs/history-macos-head-canvas.log
history-macos-head-canvas,matched_release_current,macos,current,ee2ce1afe2d56fb58794d9a6872c3988cb9b67ba,2026-09-29,canvas,default_wgpu,gallery_1x_pan,gallery_1x_pan,3,20,1.7183,1.7308,1.7172,logs/history-macos-head-canvas.log
history-macos-head-canvas,matched_release_current,macos,current,ee2ce1afe2d56fb58794d9a6872c3988cb9b67ba,2026-09-29,canvas,default_wgpu,gallery_1x_zoom,gallery_1x_zoom,3,20,9.1223,11.9758,8.7480,logs/history-macos-head-canvas.log
history-macos-head-canvas,matched_release_current,macos,current,ee2ce1afe2d56fb58794d9a6872c3988cb9b67ba,2026-09-29,canvas,default_wgpu,gallery_4x_unselected_draw,gallery_4x_unselected_draw,3,20,13.7367,14.1707,13.7703,logs/history-macos-head-canvas.log
history-macos-head-canvas,matched_release_current,macos,current,ee2ce1afe2d56fb58794d9a6872c3988cb9b67ba,2026-09-29,canvas,default_wgpu,gallery_4x_selected_draw,gallery_4x_selected_draw,3,20,12.6572,13.0528,12.6783,logs/history-macos-head-canvas.log
history-macos-head-canvas,matched_release_current,macos,current,ee2ce1afe2d56fb58794d9a6872c3988cb9b67ba,2026-09-29,canvas,default_wgpu,gallery_4x_pointer_hit,gallery_4x_pointer_hit,3,20,0.0703,0.0713,0.0701,logs/history-macos-head-canvas.log
history-macos-head-canvas,matched_release_current,macos,current,ee2ce1afe2d56fb58794d9a6872c3988cb9b67ba,2026-09-29,canvas,default_wgpu,gallery_4x_drag_all,gallery_4x_drag_all,3,20,3.7523,3.7979,3.7523,logs/history-macos-head-canvas.log
history-macos-head-canvas,matched_release_current,macos,current,ee2ce1afe2d56fb58794d9a6872c3988cb9b67ba,2026-09-29,canvas,default_wgpu,gallery_4x_drag_partial,gallery_4x_drag_partial,3,20,27.5207,27.8156,27.5883,logs/history-macos-head-canvas.log
history-macos-head-canvas,matched_release_current,macos,current,ee2ce1afe2d56fb58794d9a6872c3988cb9b67ba,2026-09-29,canvas,default_wgpu,gallery_4x_pan,gallery_4x_pan,3,20,12.7276,14.1369,12.8507,logs/history-macos-head-canvas.log
history-macos-head-canvas,matched_release_current,macos,current,ee2ce1afe2d56fb58794d9a6872c3988cb9b67ba,2026-09-29,canvas,default_wgpu,gallery_4x_zoom,gallery_4x_zoom,3,20,19.8835,22.2423,20.0207,logs/history-macos-head-canvas.log
history-macos-head-editing,matched_release_current,macos,current,ee2ce1afe2d56fb58794d9a6872c3988cb9b67ba,2026-09-29,editing,not_rendered,gallery_0x_validate,gallery_0x_validate,3,30,0.0005,0.0016,,logs/history-macos-head-editing.log
history-macos-head-editing,matched_release_current,macos,current,ee2ce1afe2d56fb58794d9a6872c3988cb9b67ba,2026-09-29,editing,not_rendered,gallery_0x_groups,gallery_0x_groups,3,30,0.0004,0.0017,,logs/history-macos-head-editing.log
history-macos-head-editing,matched_release_current,macos,current,ee2ce1afe2d56fb58794d9a6872c3988cb9b67ba,2026-09-29,editing,not_rendered,gallery_0x_labels_cold,gallery_0x_labels_cold,3,30,0.0165,0.0211,,logs/history-macos-head-editing.log
history-macos-head-editing,matched_release_current,macos,current,ee2ce1afe2d56fb58794d9a6872c3988cb9b67ba,2026-09-29,editing,not_rendered,gallery_0x_labels_one_changed,gallery_0x_labels_one_changed,3,30,0.0165,0.0166,,logs/history-macos-head-editing.log
history-macos-head-editing,matched_release_current,macos,current,ee2ce1afe2d56fb58794d9a6872c3988cb9b67ba,2026-09-29,editing,not_rendered,gallery_0x_labels_worker_roundtrip,gallery_0x_labels_worker_roundtrip,3,30,0.0253,0.0272,,logs/history-macos-head-editing.log
history-macos-head-editing,matched_release_current,macos,current,ee2ce1afe2d56fb58794d9a6872c3988cb9b67ba,2026-09-29,editing,not_rendered,gallery_0x_oxygen_hotkey,gallery_0x_oxygen_hotkey,3,30,0.0312,0.0349,,logs/history-macos-head-editing.log
history-macos-head-editing,matched_release_current,macos,current,ee2ce1afe2d56fb58794d9a6872c3988cb9b67ba,2026-09-29,editing,not_rendered,gallery_0x_idle_update,gallery_0x_idle_update,3,30,0.0001,0.0002,,logs/history-macos-head-editing.log
history-macos-head-editing,matched_release_current,macos,current,ee2ce1afe2d56fb58794d9a6872c3988cb9b67ba,2026-09-29,editing,not_rendered,gallery_0x_view,gallery_0x_view,3,30,0.0282,0.0312,,logs/history-macos-head-editing.log
history-macos-head-editing,matched_release_current,macos,current,ee2ce1afe2d56fb58794d9a6872c3988cb9b67ba,2026-09-29,editing,not_rendered,mmethanol_full_analysis,methanol_full_analysis,3,30,1.8893,1.9991,,logs/history-macos-head-editing.log
history-macos-head-editing,matched_release_current,macos,current,ee2ce1afe2d56fb58794d9a6872c3988cb9b67ba,2026-09-29,editing,not_rendered,mmethanol_drawing_labels,methanol_drawing_labels,3,30,0.0135,0.0138,,logs/history-macos-head-editing.log
history-macos-head-editing,matched_release_current,macos,current,ee2ce1afe2d56fb58794d9a6872c3988cb9b67ba,2026-09-29,editing,not_rendered,gallery_1x_validate,gallery_1x_validate,3,30,0.1926,0.2043,,logs/history-macos-head-editing.log
history-macos-head-editing,matched_release_current,macos,current,ee2ce1afe2d56fb58794d9a6872c3988cb9b67ba,2026-09-29,editing,not_rendered,gallery_1x_groups,gallery_1x_groups,3,30,0.1058,0.1118,,logs/history-macos-head-editing.log
history-macos-head-editing,matched_release_current,macos,current,ee2ce1afe2d56fb58794d9a6872c3988cb9b67ba,2026-09-29,editing,not_rendered,gallery_1x_labels_cold,gallery_1x_labels_cold,3,30,3.5420,3.7033,,logs/history-macos-head-editing.log
history-macos-head-editing,matched_release_current,macos,current,ee2ce1afe2d56fb58794d9a6872c3988cb9b67ba,2026-09-29,editing,not_rendered,gallery_1x_labels_one_changed,gallery_1x_labels_one_changed,3,30,0.4960,0.5135,,logs/history-macos-head-editing.log
history-macos-head-editing,matched_release_current,macos,current,ee2ce1afe2d56fb58794d9a6872c3988cb9b67ba,2026-09-29,editing,not_rendered,gallery_1x_labels_worker_roundtrip,gallery_1x_labels_worker_roundtrip,3,30,0.5968,0.6164,,logs/history-macos-head-editing.log
history-macos-head-editing,matched_release_current,macos,current,ee2ce1afe2d56fb58794d9a6872c3988cb9b67ba,2026-09-29,editing,not_rendered,gallery_1x_oxygen_hotkey,gallery_1x_oxygen_hotkey,3,30,2.1435,2.1713,,logs/history-macos-head-editing.log
history-macos-head-editing,matched_release_current,macos,current,ee2ce1afe2d56fb58794d9a6872c3988cb9b67ba,2026-09-29,editing,not_rendered,gallery_1x_idle_update,gallery_1x_idle_update,3,30,0.0001,0.0001,,logs/history-macos-head-editing.log
history-macos-head-editing,matched_release_current,macos,current,ee2ce1afe2d56fb58794d9a6872c3988cb9b67ba,2026-09-29,editing,not_rendered,gallery_1x_view,gallery_1x_view,3,30,0.1408,0.1428,,logs/history-macos-head-editing.log
history-macos-head-editing,matched_release_current,macos,current,ee2ce1afe2d56fb58794d9a6872c3988cb9b67ba,2026-09-29,editing,not_rendered,gallery_4x_validate,gallery_4x_validate,3,30,0.8965,0.9204,,logs/history-macos-head-editing.log
history-macos-head-editing,matched_release_current,macos,current,ee2ce1afe2d56fb58794d9a6872c3988cb9b67ba,2026-09-29,editing,not_rendered,gallery_4x_groups,gallery_4x_groups,3,30,0.4603,0.4816,,logs/history-macos-head-editing.log
history-macos-head-editing,matched_release_current,macos,current,ee2ce1afe2d56fb58794d9a6872c3988cb9b67ba,2026-09-29,editing,not_rendered,gallery_4x_labels_cold,gallery_4x_labels_cold,3,30,13.6590,13.8404,,logs/history-macos-head-editing.log
history-macos-head-editing,matched_release_current,macos,current,ee2ce1afe2d56fb58794d9a6872c3988cb9b67ba,2026-09-29,editing,not_rendered,gallery_4x_labels_one_changed,gallery_4x_labels_one_changed,3,30,2.0852,2.1797,,logs/history-macos-head-editing.log
history-macos-head-editing,matched_release_current,macos,current,ee2ce1afe2d56fb58794d9a6872c3988cb9b67ba,2026-09-29,editing,not_rendered,gallery_4x_labels_worker_roundtrip,gallery_4x_labels_worker_roundtrip,3,30,2.4082,2.4696,,logs/history-macos-head-editing.log
history-macos-head-editing,matched_release_current,macos,current,ee2ce1afe2d56fb58794d9a6872c3988cb9b67ba,2026-09-29,editing,not_rendered,gallery_4x_oxygen_hotkey,gallery_4x_oxygen_hotkey,3,30,12.4247,12.6586,,logs/history-macos-head-editing.log
history-macos-head-editing,matched_release_current,macos,current,ee2ce1afe2d56fb58794d9a6872c3988cb9b67ba,2026-09-29,editing,not_rendered,gallery_4x_idle_update,gallery_4x_idle_update,3,30,0.0001,0.0001,,logs/history-macos-head-editing.log
history-macos-head-editing,matched_release_current,macos,current,ee2ce1afe2d56fb58794d9a6872c3988cb9b67ba,2026-09-29,editing,not_rendered,gallery_4x_view,gallery_4x_view,3,30,0.4891,0.4978,,logs/history-macos-head-editing.log
history-macos-head-inspector,matched_release_current,macos,current,ee2ce1afe2d56fb58794d9a6872c3988cb9b67ba,2026-09-29,inspector,not_rendered,gallery_1x_none_collapsed_panel,gallery_1x_none_collapsed_panel,3,30,0.0422,0.0499,,logs/history-macos-head-inspector.log
history-macos-head-inspector,matched_release_current,macos,current,ee2ce1afe2d56fb58794d9a6872c3988cb9b67ba,2026-09-29,inspector,not_rendered,gallery_1x_none_collapsed_view,gallery_1x_none_collapsed_view,3,30,0.0635,0.0656,,logs/history-macos-head-inspector.log
history-macos-head-inspector,matched_release_current,macos,current,ee2ce1afe2d56fb58794d9a6872c3988cb9b67ba,2026-09-29,inspector,not_rendered,gallery_1x_none_expanded_panel,gallery_1x_none_expanded_panel,3,30,0.2504,0.2630,,logs/history-macos-head-inspector.log
history-macos-head-inspector,matched_release_current,macos,current,ee2ce1afe2d56fb58794d9a6872c3988cb9b67ba,2026-09-29,inspector,not_rendered,gallery_1x_none_expanded_view,gallery_1x_none_expanded_view,3,30,0.2669,0.2735,,logs/history-macos-head-inspector.log
history-macos-head-inspector,matched_release_current,macos,current,ee2ce1afe2d56fb58794d9a6872c3988cb9b67ba,2026-09-29,inspector,not_rendered,gallery_1x_single_collapsed_panel,gallery_1x_single_collapsed_panel,3,30,0.0876,0.0960,,logs/history-macos-head-inspector.log
history-macos-head-inspector,matched_release_current,macos,current,ee2ce1afe2d56fb58794d9a6872c3988cb9b67ba,2026-09-29,inspector,not_rendered,gallery_1x_single_collapsed_view,gallery_1x_single_collapsed_view,3,30,0.1420,0.1447,,logs/history-macos-head-inspector.log
history-macos-head-inspector,matched_release_current,macos,current,ee2ce1afe2d56fb58794d9a6872c3988cb9b67ba,2026-09-29,inspector,not_rendered,gallery_1x_single_expanded_panel,gallery_1x_single_expanded_panel,3,30,0.2629,0.2682,,logs/history-macos-head-inspector.log
history-macos-head-inspector,matched_release_current,macos,current,ee2ce1afe2d56fb58794d9a6872c3988cb9b67ba,2026-09-29,inspector,not_rendered,gallery_1x_single_expanded_view,gallery_1x_single_expanded_view,3,30,0.3148,0.3198,,logs/history-macos-head-inspector.log
history-macos-head-inspector,matched_release_current,macos,current,ee2ce1afe2d56fb58794d9a6872c3988cb9b67ba,2026-09-29,inspector,not_rendered,gallery_1x_all_collapsed_panel,gallery_1x_all_collapsed_panel,3,30,0.2922,0.3269,,logs/history-macos-head-inspector.log
history-macos-head-inspector,matched_release_current,macos,current,ee2ce1afe2d56fb58794d9a6872c3988cb9b67ba,2026-09-29,inspector,not_rendered,gallery_1x_all_collapsed_view,gallery_1x_all_collapsed_view,3,30,0.4918,0.5037,,logs/history-macos-head-inspector.log
history-macos-head-inspector,matched_release_current,macos,current,ee2ce1afe2d56fb58794d9a6872c3988cb9b67ba,2026-09-29,inspector,not_rendered,gallery_1x_all_expanded_panel,gallery_1x_all_expanded_panel,3,30,0.6564,0.6797,,logs/history-macos-head-inspector.log
history-macos-head-inspector,matched_release_current,macos,current,ee2ce1afe2d56fb58794d9a6872c3988cb9b67ba,2026-09-29,inspector,not_rendered,gallery_1x_all_expanded_view,gallery_1x_all_expanded_view,3,30,0.8455,0.8639,,logs/history-macos-head-inspector.log
history-macos-head-inspector,matched_release_current,macos,current,ee2ce1afe2d56fb58794d9a6872c3988cb9b67ba,2026-09-29,inspector,not_rendered,gallery_4x_none_collapsed_panel,gallery_4x_none_collapsed_panel,3,30,0.1602,0.1929,,logs/history-macos-head-inspector.log
history-macos-head-inspector,matched_release_current,macos,current,ee2ce1afe2d56fb58794d9a6872c3988cb9b67ba,2026-09-29,inspector,not_rendered,gallery_4x_none_collapsed_view,gallery_4x_none_collapsed_view,3,30,0.1845,0.2069,,logs/history-macos-head-inspector.log
history-macos-head-inspector,matched_release_current,macos,current,ee2ce1afe2d56fb58794d9a6872c3988cb9b67ba,2026-09-29,inspector,not_rendered,gallery_4x_none_expanded_panel,gallery_4x_none_expanded_panel,3,30,1.0683,1.1140,,logs/history-macos-head-inspector.log
history-macos-head-inspector,matched_release_current,macos,current,ee2ce1afe2d56fb58794d9a6872c3988cb9b67ba,2026-09-29,inspector,not_rendered,gallery_4x_none_expanded_view,gallery_4x_none_expanded_view,3,30,1.1001,1.1358,,logs/history-macos-head-inspector.log
history-macos-head-inspector,matched_release_current,macos,current,ee2ce1afe2d56fb58794d9a6872c3988cb9b67ba,2026-09-29,inspector,not_rendered,gallery_4x_single_collapsed_panel,gallery_4x_single_collapsed_panel,3,30,0.3407,0.3522,,logs/history-macos-head-inspector.log
history-macos-head-inspector,matched_release_current,macos,current,ee2ce1afe2d56fb58794d9a6872c3988cb9b67ba,2026-09-29,inspector,not_rendered,gallery_4x_single_collapsed_view,gallery_4x_single_collapsed_view,3,30,0.4934,0.5022,,logs/history-macos-head-inspector.log
history-macos-head-inspector,matched_release_current,macos,current,ee2ce1afe2d56fb58794d9a6872c3988cb9b67ba,2026-09-29,inspector,not_rendered,gallery_4x_single_expanded_panel,gallery_4x_single_expanded_panel,3,30,1.8501,1.8719,,logs/history-macos-head-inspector.log
history-macos-head-inspector,matched_release_current,macos,current,ee2ce1afe2d56fb58794d9a6872c3988cb9b67ba,2026-09-29,inspector,not_rendered,gallery_4x_single_expanded_view,gallery_4x_single_expanded_view,3,30,1.9076,1.9344,,logs/history-macos-head-inspector.log
history-macos-head-inspector,matched_release_current,macos,current,ee2ce1afe2d56fb58794d9a6872c3988cb9b67ba,2026-09-29,inspector,not_rendered,gallery_4x_all_collapsed_panel,gallery_4x_all_collapsed_panel,3,30,1.1282,1.1590,,logs/history-macos-head-inspector.log
history-macos-head-inspector,matched_release_current,macos,current,ee2ce1afe2d56fb58794d9a6872c3988cb9b67ba,2026-09-29,inspector,not_rendered,gallery_4x_all_collapsed_view,gallery_4x_all_collapsed_view,3,30,2.8357,2.8756,,logs/history-macos-head-inspector.log
history-macos-head-inspector,matched_release_current,macos,current,ee2ce1afe2d56fb58794d9a6872c3988cb9b67ba,2026-09-29,inspector,not_rendered,gallery_4x_all_expanded_panel,gallery_4x_all_expanded_panel,3,30,2.9600,3.1213,,logs/history-macos-head-inspector.log
history-macos-head-inspector,matched_release_current,macos,current,ee2ce1afe2d56fb58794d9a6872c3988cb9b67ba,2026-09-29,inspector,not_rendered,gallery_4x_all_expanded_view,gallery_4x_all_expanded_view,3,30,4.6105,4.7029,,logs/history-macos-head-inspector.log
history-macos-head-recovery,matched_release_current,macos,current,ee2ce1afe2d56fb58794d9a6872c3988cb9b67ba,2026-09-29,recovery,not_rendered,gallery_1x_recovery_synchronous,gallery_1x_recovery_synchronous,3,30,5.2215,5.7535,,logs/history-macos-head-recovery.log
history-macos-head-recovery,matched_release_current,macos,current,ee2ce1afe2d56fb58794d9a6872c3988cb9b67ba,2026-09-29,recovery,not_rendered,gallery_1x_recovery_dispatch,gallery_1x_recovery_dispatch,3,30,0.0534,0.0541,,logs/history-macos-head-recovery.log
history-macos-head-recovery,matched_release_current,macos,current,ee2ce1afe2d56fb58794d9a6872c3988cb9b67ba,2026-09-29,recovery,not_rendered,gallery_1x_recovery_roundtrip,gallery_1x_recovery_roundtrip,3,30,7.8427,8.9335,,logs/history-macos-head-recovery.log
history-macos-head-recovery,matched_release_current,macos,current,ee2ce1afe2d56fb58794d9a6872c3988cb9b67ba,2026-09-29,recovery,not_rendered,gallery_4x_recovery_synchronous,gallery_4x_recovery_synchronous,3,30,10.7487,11.2774,,logs/history-macos-head-recovery.log
history-macos-head-recovery,matched_release_current,macos,current,ee2ce1afe2d56fb58794d9a6872c3988cb9b67ba,2026-09-29,recovery,not_rendered,gallery_4x_recovery_dispatch,gallery_4x_recovery_dispatch,3,30,0.4031,0.4699,,logs/history-macos-head-recovery.log
history-macos-head-recovery,matched_release_current,macos,current,ee2ce1afe2d56fb58794d9a6872c3988cb9b67ba,2026-09-29,recovery,not_rendered,gallery_4x_recovery_roundtrip,gallery_4x_recovery_roundtrip,3,30,9.8571,14.7878,,logs/history-macos-head-recovery.log
history-macos-head-files,matched_release_current,macos,current,ee2ce1afe2d56fb58794d9a6872c3988cb9b67ba,2026-09-29,files,not_rendered,native_parse_validate_1x,native_parse_validate_1x,3,30,0.678,0.694,,logs/history-macos-head-files.log
history-macos-head-files,matched_release_current,macos,current,ee2ce1afe2d56fb58794d9a6872c3988cb9b67ba,2026-09-29,files,not_rendered,native_serialize_1x,native_serialize_1x,3,30,0.387,0.389,,logs/history-macos-head-files.log
history-macos-head-files,matched_release_current,macos,current,ee2ce1afe2d56fb58794d9a6872c3988cb9b67ba,2026-09-29,files,not_rendered,library_load_512,library_load_512,3,30,0.774,0.788,,logs/history-macos-head-files.log
history-macos-head-files,matched_release_current,macos,current,ee2ce1afe2d56fb58794d9a6872c3988cb9b67ba,2026-09-29,files,not_rendered,library_save_checked_512,library_save_checked_512,3,30,6.607,7.232,,logs/history-macos-head-files.log
history-macos-head-files,matched_release_current,macos,current,ee2ce1afe2d56fb58794d9a6872c3988cb9b67ba,2026-09-29,files,not_rendered,library_parse_validate_512,library_parse_validate_512,3,30,0.737,0.740,,logs/history-macos-head-files.log
history-windows-v091-canvas,matched_release_current,windows,stable_v091,167d893c5007ea665456652897791844c5ef9fce,2026-09-29,canvas,tiny-skia,gallery_1x_unselected_draw,gallery_1x_unselected_draw,3,20,158.0715,169.6674,158.4297,logs/history-windows-v091-canvas.log
history-windows-v091-canvas,matched_release_current,windows,stable_v091,167d893c5007ea665456652897791844c5ef9fce,2026-09-29,canvas,tiny-skia,gallery_1x_selected_draw,gallery_1x_selected_draw,3,20,214.0521,219.8758,213.9228,logs/history-windows-v091-canvas.log
history-windows-v091-canvas,matched_release_current,windows,stable_v091,167d893c5007ea665456652897791844c5ef9fce,2026-09-29,canvas,tiny-skia,gallery_1x_pointer_hit,gallery_1x_pointer_hit,3,20,39.4406,43.3929,39.6342,logs/history-windows-v091-canvas.log
history-windows-v091-canvas,matched_release_current,windows,stable_v091,167d893c5007ea665456652897791844c5ef9fce,2026-09-29,canvas,tiny-skia,gallery_1x_drag_all,gallery_1x_drag_all,3,20,252.3382,260.0682,252.2007,logs/history-windows-v091-canvas.log
history-windows-v091-canvas,matched_release_current,windows,stable_v091,167d893c5007ea665456652897791844c5ef9fce,2026-09-29,canvas,tiny-skia,gallery_1x_drag_partial,gallery_1x_drag_partial,3,20,151.4992,155.9736,151.4974,logs/history-windows-v091-canvas.log
history-windows-v091-canvas,matched_release_current,windows,stable_v091,167d893c5007ea665456652897791844c5ef9fce,2026-09-29,canvas,tiny-skia,gallery_1x_pan,gallery_1x_pan,3,20,213.8705,220.3983,214.0124,logs/history-windows-v091-canvas.log
history-windows-v091-canvas,matched_release_current,windows,stable_v091,167d893c5007ea665456652897791844c5ef9fce,2026-09-29,canvas,tiny-skia,gallery_1x_zoom,gallery_1x_zoom,3,20,225.4607,236.1054,224.5950,logs/history-windows-v091-canvas.log
history-windows-v091-canvas,matched_release_current,windows,stable_v091,167d893c5007ea665456652897791844c5ef9fce,2026-09-29,canvas,tiny-skia,gallery_4x_unselected_draw,gallery_4x_unselected_draw,3,20,722.9716,736.9912,721.2857,logs/history-windows-v091-canvas.log
history-windows-v091-canvas,matched_release_current,windows,stable_v091,167d893c5007ea665456652897791844c5ef9fce,2026-09-29,canvas,tiny-skia,gallery_4x_selected_draw,gallery_4x_selected_draw,3,20,981.6996,1055.2435,984.7140,logs/history-windows-v091-canvas.log
history-windows-v091-canvas,matched_release_current,windows,stable_v091,167d893c5007ea665456652897791844c5ef9fce,2026-09-29,canvas,tiny-skia,gallery_4x_pointer_hit,gallery_4x_pointer_hit,3,20,158.4208,164.7371,159.1480,logs/history-windows-v091-canvas.log
history-windows-v091-canvas,matched_release_current,windows,stable_v091,167d893c5007ea665456652897791844c5ef9fce,2026-09-29,canvas,tiny-skia,gallery_4x_drag_all,gallery_4x_drag_all,3,20,1114.1141,1149.8915,1107.1992,logs/history-windows-v091-canvas.log
history-windows-v091-canvas,matched_release_current,windows,stable_v091,167d893c5007ea665456652897791844c5ef9fce,2026-09-29,canvas,tiny-skia,gallery_4x_drag_partial,gallery_4x_drag_partial,3,20,713.7887,736.4357,705.9510,logs/history-windows-v091-canvas.log
history-windows-v091-canvas,matched_release_current,windows,stable_v091,167d893c5007ea665456652897791844c5ef9fce,2026-09-29,canvas,tiny-skia,gallery_4x_pan,gallery_4x_pan,3,20,989.8556,1016.5911,984.8711,logs/history-windows-v091-canvas.log
history-windows-v091-canvas,matched_release_current,windows,stable_v091,167d893c5007ea665456652897791844c5ef9fce,2026-09-29,canvas,tiny-skia,gallery_4x_zoom,gallery_4x_zoom,3,20,998.1654,1087.2846,998.9835,logs/history-windows-v091-canvas.log
history-windows-v091-editing,matched_release_current,windows,stable_v091,167d893c5007ea665456652897791844c5ef9fce,2026-09-29,editing,not_rendered,gallery_0x_validate,gallery_0x_validate,3,30,0.0010,0.0012,,logs/history-windows-v091-editing.log
history-windows-v091-editing,matched_release_current,windows,stable_v091,167d893c5007ea665456652897791844c5ef9fce,2026-09-29,editing,not_rendered,gallery_0x_groups,gallery_0x_groups,3,30,0.0003,0.0003,,logs/history-windows-v091-editing.log
history-windows-v091-editing,matched_release_current,windows,stable_v091,167d893c5007ea665456652897791844c5ef9fce,2026-09-29,editing,not_rendered,gallery_0x_oxygen_hotkey,gallery_0x_oxygen_hotkey,3,30,0.0297,0.0485,,logs/history-windows-v091-editing.log
history-windows-v091-editing,matched_release_current,windows,stable_v091,167d893c5007ea665456652897791844c5ef9fce,2026-09-29,editing,not_rendered,gallery_0x_idle_update,gallery_0x_idle_update,3,30,0.0001,0.0001,,logs/history-windows-v091-editing.log
history-windows-v091-editing,matched_release_current,windows,stable_v091,167d893c5007ea665456652897791844c5ef9fce,2026-09-29,editing,not_rendered,gallery_0x_view,gallery_0x_view,3,30,0.0572,0.0750,,logs/history-windows-v091-editing.log
history-windows-v091-editing,matched_release_current,windows,stable_v091,167d893c5007ea665456652897791844c5ef9fce,2026-09-29,editing,not_rendered,mmethanol_full_analysis,methanol_full_analysis,3,30,19.5950,22.4530,,logs/history-windows-v091-editing.log
history-windows-v091-editing,matched_release_current,windows,stable_v091,167d893c5007ea665456652897791844c5ef9fce,2026-09-29,editing,not_rendered,mmethanol_drawing_labels,methanol_drawing_labels,3,30,0.0210,0.0271,,logs/history-windows-v091-editing.log
history-windows-v091-editing,matched_release_current,windows,stable_v091,167d893c5007ea665456652897791844c5ef9fce,2026-09-29,editing,not_rendered,gallery_1x_validate,gallery_1x_validate,3,30,0.6001,0.6364,,logs/history-windows-v091-editing.log
history-windows-v091-editing,matched_release_current,windows,stable_v091,167d893c5007ea665456652897791844c5ef9fce,2026-09-29,editing,not_rendered,gallery_1x_groups,gallery_1x_groups,3,30,0.4363,0.6911,,logs/history-windows-v091-editing.log
history-windows-v091-editing,matched_release_current,windows,stable_v091,167d893c5007ea665456652897791844c5ef9fce,2026-09-29,editing,not_rendered,gallery_1x_oxygen_hotkey,gallery_1x_oxygen_hotkey,3,30,4.8837,5.1231,,logs/history-windows-v091-editing.log
history-windows-v091-editing,matched_release_current,windows,stable_v091,167d893c5007ea665456652897791844c5ef9fce,2026-09-29,editing,not_rendered,gallery_1x_idle_update,gallery_1x_idle_update,3,30,0.0001,0.0001,,logs/history-windows-v091-editing.log
history-windows-v091-editing,matched_release_current,windows,stable_v091,167d893c5007ea665456652897791844c5ef9fce,2026-09-29,editing,not_rendered,gallery_1x_view,gallery_1x_view,3,30,0.5735,0.6123,,logs/history-windows-v091-editing.log
history-windows-v091-editing,matched_release_current,windows,stable_v091,167d893c5007ea665456652897791844c5ef9fce,2026-09-29,editing,not_rendered,gallery_4x_validate,gallery_4x_validate,3,30,8.0075,8.3682,,logs/history-windows-v091-editing.log
history-windows-v091-editing,matched_release_current,windows,stable_v091,167d893c5007ea665456652897791844c5ef9fce,2026-09-29,editing,not_rendered,gallery_4x_groups,gallery_4x_groups,3,30,6.8850,7.1507,,logs/history-windows-v091-editing.log
history-windows-v091-editing,matched_release_current,windows,stable_v091,167d893c5007ea665456652897791844c5ef9fce,2026-09-29,editing,not_rendered,gallery_4x_oxygen_hotkey,gallery_4x_oxygen_hotkey,3,30,52.3522,54.3167,,logs/history-windows-v091-editing.log
history-windows-v091-editing,matched_release_current,windows,stable_v091,167d893c5007ea665456652897791844c5ef9fce,2026-09-29,editing,not_rendered,gallery_4x_idle_update,gallery_4x_idle_update,3,30,0.0001,0.0002,,logs/history-windows-v091-editing.log
history-windows-v091-editing,matched_release_current,windows,stable_v091,167d893c5007ea665456652897791844c5ef9fce,2026-09-29,editing,not_rendered,gallery_4x_view,gallery_4x_view,3,30,5.2178,5.4133,,logs/history-windows-v091-editing.log
history-windows-v091-inspector,matched_release_current,windows,stable_v091,167d893c5007ea665456652897791844c5ef9fce,2026-09-29,inspector,not_rendered,gallery_1x_none_collapsed_panel,gallery_1x_none_collapsed_panel,3,30,0.7740,0.8034,,logs/history-windows-v091-inspector.log
history-windows-v091-inspector,matched_release_current,windows,stable_v091,167d893c5007ea665456652897791844c5ef9fce,2026-09-29,inspector,not_rendered,gallery_1x_none_collapsed_view,gallery_1x_none_collapsed_view,3,30,0.8364,0.8707,,logs/history-windows-v091-inspector.log
history-windows-v091-inspector,matched_release_current,windows,stable_v091,167d893c5007ea665456652897791844c5ef9fce,2026-09-29,inspector,not_rendered,gallery_1x_none_expanded_panel,gallery_1x_none_expanded_panel,3,30,0.8134,0.8337,,logs/history-windows-v091-inspector.log
history-windows-v091-inspector,matched_release_current,windows,stable_v091,167d893c5007ea665456652897791844c5ef9fce,2026-09-29,inspector,not_rendered,gallery_1x_none_expanded_view,gallery_1x_none_expanded_view,3,30,0.8625,0.9573,,logs/history-windows-v091-inspector.log
history-windows-v091-inspector,matched_release_current,windows,stable_v091,167d893c5007ea665456652897791844c5ef9fce,2026-09-29,inspector,not_rendered,gallery_1x_single_collapsed_panel,gallery_1x_single_collapsed_panel,3,30,0.6082,0.8442,,logs/history-windows-v091-inspector.log
history-windows-v091-inspector,matched_release_current,windows,stable_v091,167d893c5007ea665456652897791844c5ef9fce,2026-09-29,inspector,not_rendered,gallery_1x_single_collapsed_view,gallery_1x_single_collapsed_view,3,30,0.6376,0.7202,,logs/history-windows-v091-inspector.log
history-windows-v091-inspector,matched_release_current,windows,stable_v091,167d893c5007ea665456652897791844c5ef9fce,2026-09-29,inspector,not_rendered,gallery_1x_single_expanded_panel,gallery_1x_single_expanded_panel,3,30,0.5834,0.6205,,logs/history-windows-v091-inspector.log
history-windows-v091-inspector,matched_release_current,windows,stable_v091,167d893c5007ea665456652897791844c5ef9fce,2026-09-29,inspector,not_rendered,gallery_1x_single_expanded_view,gallery_1x_single_expanded_view,3,30,0.6766,0.7296,,logs/history-windows-v091-inspector.log
history-windows-v091-inspector,matched_release_current,windows,stable_v091,167d893c5007ea665456652897791844c5ef9fce,2026-09-29,inspector,not_rendered,gallery_1x_all_collapsed_panel,gallery_1x_all_collapsed_panel,3,30,2.5590,2.6066,,logs/history-windows-v091-inspector.log
history-windows-v091-inspector,matched_release_current,windows,stable_v091,167d893c5007ea665456652897791844c5ef9fce,2026-09-29,inspector,not_rendered,gallery_1x_all_collapsed_view,gallery_1x_all_collapsed_view,3,30,2.9652,3.9352,,logs/history-windows-v091-inspector.log
history-windows-v091-inspector,matched_release_current,windows,stable_v091,167d893c5007ea665456652897791844c5ef9fce,2026-09-29,inspector,not_rendered,gallery_1x_all_expanded_panel,gallery_1x_all_expanded_panel,3,30,2.5303,2.5934,,logs/history-windows-v091-inspector.log
history-windows-v091-inspector,matched_release_current,windows,stable_v091,167d893c5007ea665456652897791844c5ef9fce,2026-09-29,inspector,not_rendered,gallery_1x_all_expanded_view,gallery_1x_all_expanded_view,3,30,3.0352,3.2397,,logs/history-windows-v091-inspector.log
history-windows-v091-inspector,matched_release_current,windows,stable_v091,167d893c5007ea665456652897791844c5ef9fce,2026-09-29,inspector,not_rendered,gallery_4x_none_collapsed_panel,gallery_4x_none_collapsed_panel,3,30,10.9609,11.4423,,logs/history-windows-v091-inspector.log
history-windows-v091-inspector,matched_release_current,windows,stable_v091,167d893c5007ea665456652897791844c5ef9fce,2026-09-29,inspector,not_rendered,gallery_4x_none_collapsed_view,gallery_4x_none_collapsed_view,3,30,10.7664,11.0157,,logs/history-windows-v091-inspector.log
history-windows-v091-inspector,matched_release_current,windows,stable_v091,167d893c5007ea665456652897791844c5ef9fce,2026-09-29,inspector,not_rendered,gallery_4x_none_expanded_panel,gallery_4x_none_expanded_panel,3,30,10.8022,11.2811,,logs/history-windows-v091-inspector.log
history-windows-v091-inspector,matched_release_current,windows,stable_v091,167d893c5007ea665456652897791844c5ef9fce,2026-09-29,inspector,not_rendered,gallery_4x_none_expanded_view,gallery_4x_none_expanded_view,3,30,10.8707,11.0688,,logs/history-windows-v091-inspector.log
history-windows-v091-inspector,matched_release_current,windows,stable_v091,167d893c5007ea665456652897791844c5ef9fce,2026-09-29,inspector,not_rendered,gallery_4x_single_collapsed_panel,gallery_4x_single_collapsed_panel,3,30,5.6170,5.8985,,logs/history-windows-v091-inspector.log
history-windows-v091-inspector,matched_release_current,windows,stable_v091,167d893c5007ea665456652897791844c5ef9fce,2026-09-29,inspector,not_rendered,gallery_4x_single_collapsed_view,gallery_4x_single_collapsed_view,3,30,5.7476,5.8857,,logs/history-windows-v091-inspector.log
history-windows-v091-inspector,matched_release_current,windows,stable_v091,167d893c5007ea665456652897791844c5ef9fce,2026-09-29,inspector,not_rendered,gallery_4x_single_expanded_panel,gallery_4x_single_expanded_panel,3,30,5.3986,5.7200,,logs/history-windows-v091-inspector.log
history-windows-v091-inspector,matched_release_current,windows,stable_v091,167d893c5007ea665456652897791844c5ef9fce,2026-09-29,inspector,not_rendered,gallery_4x_single_expanded_view,gallery_4x_single_expanded_view,3,30,5.3976,5.6634,,logs/history-windows-v091-inspector.log
history-windows-v091-inspector,matched_release_current,windows,stable_v091,167d893c5007ea665456652897791844c5ef9fce,2026-09-29,inspector,not_rendered,gallery_4x_all_collapsed_panel,gallery_4x_all_collapsed_panel,3,30,30.5943,31.2539,,logs/history-windows-v091-inspector.log
history-windows-v091-inspector,matched_release_current,windows,stable_v091,167d893c5007ea665456652897791844c5ef9fce,2026-09-29,inspector,not_rendered,gallery_4x_all_collapsed_view,gallery_4x_all_collapsed_view,3,30,34.8095,36.3025,,logs/history-windows-v091-inspector.log
history-windows-v091-inspector,matched_release_current,windows,stable_v091,167d893c5007ea665456652897791844c5ef9fce,2026-09-29,inspector,not_rendered,gallery_4x_all_expanded_panel,gallery_4x_all_expanded_panel,3,30,30.1192,31.0946,,logs/history-windows-v091-inspector.log
history-windows-v091-inspector,matched_release_current,windows,stable_v091,167d893c5007ea665456652897791844c5ef9fce,2026-09-29,inspector,not_rendered,gallery_4x_all_expanded_view,gallery_4x_all_expanded_view,3,30,35.0397,36.0117,,logs/history-windows-v091-inspector.log
history-windows-v091-recovery,matched_release_current,windows,stable_v091,167d893c5007ea665456652897791844c5ef9fce,2026-09-29,recovery,not_rendered,gallery_1x_recovery_tick,gallery_1x_recovery_tick,3,30,4.0730,5.2298,,logs/history-windows-v091-recovery.log
history-windows-v091-recovery,matched_release_current,windows,stable_v091,167d893c5007ea665456652897791844c5ef9fce,2026-09-29,recovery,not_rendered,gallery_4x_recovery_tick,gallery_4x_recovery_tick,3,30,15.3179,16.7682,,logs/history-windows-v091-recovery.log
history-windows-head-canvas,matched_release_current,windows,current,ee2ce1afe2d56fb58794d9a6872c3988cb9b67ba,2026-09-29,canvas,tiny-skia,gallery_1x_unselected_draw,gallery_1x_unselected_draw,3,20,1.7609,1.8497,1.7682,logs/history-windows-head-canvas.log
history-windows-head-canvas,matched_release_current,windows,current,ee2ce1afe2d56fb58794d9a6872c3988cb9b67ba,2026-09-29,canvas,tiny-skia,gallery_1x_selected_draw,gallery_1x_selected_draw,3,20,1.8138,1.9368,1.8178,logs/history-windows-head-canvas.log
history-windows-head-canvas,matched_release_current,windows,current,ee2ce1afe2d56fb58794d9a6872c3988cb9b67ba,2026-09-29,canvas,tiny-skia,gallery_1x_pointer_hit,gallery_1x_pointer_hit,3,20,0.0168,0.0232,0.0172,logs/history-windows-head-canvas.log
history-windows-head-canvas,matched_release_current,windows,current,ee2ce1afe2d56fb58794d9a6872c3988cb9b67ba,2026-09-29,canvas,tiny-skia,gallery_1x_drag_all,gallery_1x_drag_all,3,20,0.8638,0.8819,0.8599,logs/history-windows-head-canvas.log
history-windows-head-canvas,matched_release_current,windows,current,ee2ce1afe2d56fb58794d9a6872c3988cb9b67ba,2026-09-29,canvas,tiny-skia,gallery_1x_drag_partial,gallery_1x_drag_partial,3,20,3.8252,4.1123,3.8365,logs/history-windows-head-canvas.log
history-windows-head-canvas,matched_release_current,windows,current,ee2ce1afe2d56fb58794d9a6872c3988cb9b67ba,2026-09-29,canvas,tiny-skia,gallery_1x_pan,gallery_1x_pan,3,20,1.9585,2.0325,1.9173,logs/history-windows-head-canvas.log
history-windows-head-canvas,matched_release_current,windows,current,ee2ce1afe2d56fb58794d9a6872c3988cb9b67ba,2026-09-29,canvas,tiny-skia,gallery_1x_zoom,gallery_1x_zoom,3,20,30.2577,47.2463,28.4008,logs/history-windows-head-canvas.log
history-windows-head-canvas,matched_release_current,windows,current,ee2ce1afe2d56fb58794d9a6872c3988cb9b67ba,2026-09-29,canvas,tiny-skia,gallery_4x_unselected_draw,gallery_4x_unselected_draw,3,20,14.1016,15.6511,14.1490,logs/history-windows-head-canvas.log
history-windows-head-canvas,matched_release_current,windows,current,ee2ce1afe2d56fb58794d9a6872c3988cb9b67ba,2026-09-29,canvas,tiny-skia,gallery_4x_selected_draw,gallery_4x_selected_draw,3,20,13.9921,14.9494,14.0043,logs/history-windows-head-canvas.log
history-windows-head-canvas,matched_release_current,windows,current,ee2ce1afe2d56fb58794d9a6872c3988cb9b67ba,2026-09-29,canvas,tiny-skia,gallery_4x_pointer_hit,gallery_4x_pointer_hit,3,20,0.0702,0.0865,0.0718,logs/history-windows-head-canvas.log
history-windows-head-canvas,matched_release_current,windows,current,ee2ce1afe2d56fb58794d9a6872c3988cb9b67ba,2026-09-29,canvas,tiny-skia,gallery_4x_drag_all,gallery_4x_drag_all,3,20,3.1294,3.3410,3.1393,logs/history-windows-head-canvas.log
history-windows-head-canvas,matched_release_current,windows,current,ee2ce1afe2d56fb58794d9a6872c3988cb9b67ba,2026-09-29,canvas,tiny-skia,gallery_4x_drag_partial,gallery_4x_drag_partial,3,20,36.7407,38.6789,36.4552,logs/history-windows-head-canvas.log
history-windows-head-canvas,matched_release_current,windows,current,ee2ce1afe2d56fb58794d9a6872c3988cb9b67ba,2026-09-29,canvas,tiny-skia,gallery_4x_pan,gallery_4x_pan,3,20,13.9007,14.4554,13.8629,logs/history-windows-head-canvas.log
history-windows-head-canvas,matched_release_current,windows,current,ee2ce1afe2d56fb58794d9a6872c3988cb9b67ba,2026-09-29,canvas,tiny-skia,gallery_4x_zoom,gallery_4x_zoom,3,20,46.1935,54.1303,42.0566,logs/history-windows-head-canvas.log
history-windows-head-editing,matched_release_current,windows,current,ee2ce1afe2d56fb58794d9a6872c3988cb9b67ba,2026-09-29,editing,not_rendered,gallery_0x_validate,gallery_0x_validate,3,30,0.0009,0.0010,,logs/history-windows-head-editing.log
history-windows-head-editing,matched_release_current,windows,current,ee2ce1afe2d56fb58794d9a6872c3988cb9b67ba,2026-09-29,editing,not_rendered,gallery_0x_groups,gallery_0x_groups,3,30,0.0006,0.0007,,logs/history-windows-head-editing.log
history-windows-head-editing,matched_release_current,windows,current,ee2ce1afe2d56fb58794d9a6872c3988cb9b67ba,2026-09-29,editing,not_rendered,gallery_0x_labels_cold,gallery_0x_labels_cold,3,30,0.0258,0.0384,,logs/history-windows-head-editing.log
history-windows-head-editing,matched_release_current,windows,current,ee2ce1afe2d56fb58794d9a6872c3988cb9b67ba,2026-09-29,editing,not_rendered,gallery_0x_labels_one_changed,gallery_0x_labels_one_changed,3,30,0.0259,0.0271,,logs/history-windows-head-editing.log
history-windows-head-editing,matched_release_current,windows,current,ee2ce1afe2d56fb58794d9a6872c3988cb9b67ba,2026-09-29,editing,not_rendered,gallery_0x_labels_worker_roundtrip,gallery_0x_labels_worker_roundtrip,3,30,0.0711,0.1717,,logs/history-windows-head-editing.log
history-windows-head-editing,matched_release_current,windows,current,ee2ce1afe2d56fb58794d9a6872c3988cb9b67ba,2026-09-29,editing,not_rendered,gallery_0x_oxygen_hotkey,gallery_0x_oxygen_hotkey,3,30,0.0369,0.0617,,logs/history-windows-head-editing.log
history-windows-head-editing,matched_release_current,windows,current,ee2ce1afe2d56fb58794d9a6872c3988cb9b67ba,2026-09-29,editing,not_rendered,gallery_0x_idle_update,gallery_0x_idle_update,3,30,0.0002,0.0003,,logs/history-windows-head-editing.log
history-windows-head-editing,matched_release_current,windows,current,ee2ce1afe2d56fb58794d9a6872c3988cb9b67ba,2026-09-29,editing,not_rendered,gallery_0x_view,gallery_0x_view,3,30,0.0468,0.0547,,logs/history-windows-head-editing.log
history-windows-head-editing,matched_release_current,windows,current,ee2ce1afe2d56fb58794d9a6872c3988cb9b67ba,2026-09-29,editing,not_rendered,mmethanol_full_analysis,methanol_full_analysis,3,30,21.4556,23.2275,,logs/history-windows-head-editing.log
history-windows-head-editing,matched_release_current,windows,current,ee2ce1afe2d56fb58794d9a6872c3988cb9b67ba,2026-09-29,editing,not_rendered,mmethanol_drawing_labels,methanol_drawing_labels,3,30,0.0196,0.0211,,logs/history-windows-head-editing.log
history-windows-head-editing,matched_release_current,windows,current,ee2ce1afe2d56fb58794d9a6872c3988cb9b67ba,2026-09-29,editing,not_rendered,gallery_1x_validate,gallery_1x_validate,3,30,0.2797,0.4884,,logs/history-windows-head-editing.log
history-windows-head-editing,matched_release_current,windows,current,ee2ce1afe2d56fb58794d9a6872c3988cb9b67ba,2026-09-29,editing,not_rendered,gallery_1x_groups,gallery_1x_groups,3,30,0.1734,0.2188,,logs/history-windows-head-editing.log
history-windows-head-editing,matched_release_current,windows,current,ee2ce1afe2d56fb58794d9a6872c3988cb9b67ba,2026-09-29,editing,not_rendered,gallery_1x_labels_cold,gallery_1x_labels_cold,3,30,6.1507,7.0719,,logs/history-windows-head-editing.log
history-windows-head-editing,matched_release_current,windows,current,ee2ce1afe2d56fb58794d9a6872c3988cb9b67ba,2026-09-29,editing,not_rendered,gallery_1x_labels_one_changed,gallery_1x_labels_one_changed,3,30,0.7627,0.8931,,logs/history-windows-head-editing.log
history-windows-head-editing,matched_release_current,windows,current,ee2ce1afe2d56fb58794d9a6872c3988cb9b67ba,2026-09-29,editing,not_rendered,gallery_1x_labels_worker_roundtrip,gallery_1x_labels_worker_roundtrip,3,30,1.3323,1.7405,,logs/history-windows-head-editing.log
history-windows-head-editing,matched_release_current,windows,current,ee2ce1afe2d56fb58794d9a6872c3988cb9b67ba,2026-09-29,editing,not_rendered,gallery_1x_oxygen_hotkey,gallery_1x_oxygen_hotkey,3,30,3.5405,3.7590,,logs/history-windows-head-editing.log
history-windows-head-editing,matched_release_current,windows,current,ee2ce1afe2d56fb58794d9a6872c3988cb9b67ba,2026-09-29,editing,not_rendered,gallery_1x_idle_update,gallery_1x_idle_update,3,30,0.0002,0.0003,,logs/history-windows-head-editing.log
history-windows-head-editing,matched_release_current,windows,current,ee2ce1afe2d56fb58794d9a6872c3988cb9b67ba,2026-09-29,editing,not_rendered,gallery_1x_view,gallery_1x_view,3,30,0.2480,0.2798,,logs/history-windows-head-editing.log
history-windows-head-editing,matched_release_current,windows,current,ee2ce1afe2d56fb58794d9a6872c3988cb9b67ba,2026-09-29,editing,not_rendered,gallery_4x_validate,gallery_4x_validate,3,30,1.6280,1.9052,,logs/history-windows-head-editing.log
history-windows-head-editing,matched_release_current,windows,current,ee2ce1afe2d56fb58794d9a6872c3988cb9b67ba,2026-09-29,editing,not_rendered,gallery_4x_groups,gallery_4x_groups,3,30,0.5790,0.8309,,logs/history-windows-head-editing.log
history-windows-head-editing,matched_release_current,windows,current,ee2ce1afe2d56fb58794d9a6872c3988cb9b67ba,2026-09-29,editing,not_rendered,gallery_4x_labels_cold,gallery_4x_labels_cold,3,30,26.3850,31.2715,,logs/history-windows-head-editing.log
history-windows-head-editing,matched_release_current,windows,current,ee2ce1afe2d56fb58794d9a6872c3988cb9b67ba,2026-09-29,editing,not_rendered,gallery_4x_labels_one_changed,gallery_4x_labels_one_changed,3,30,4.0383,4.4880,,logs/history-windows-head-editing.log
history-windows-head-editing,matched_release_current,windows,current,ee2ce1afe2d56fb58794d9a6872c3988cb9b67ba,2026-09-29,editing,not_rendered,gallery_4x_labels_worker_roundtrip,gallery_4x_labels_worker_roundtrip,3,30,5.8969,6.6323,,logs/history-windows-head-editing.log
history-windows-head-editing,matched_release_current,windows,current,ee2ce1afe2d56fb58794d9a6872c3988cb9b67ba,2026-09-29,editing,not_rendered,gallery_4x_oxygen_hotkey,gallery_4x_oxygen_hotkey,3,30,17.3935,20.1244,,logs/history-windows-head-editing.log
history-windows-head-editing,matched_release_current,windows,current,ee2ce1afe2d56fb58794d9a6872c3988cb9b67ba,2026-09-29,editing,not_rendered,gallery_4x_idle_update,gallery_4x_idle_update,3,30,0.0003,0.0004,,logs/history-windows-head-editing.log
history-windows-head-editing,matched_release_current,windows,current,ee2ce1afe2d56fb58794d9a6872c3988cb9b67ba,2026-09-29,editing,not_rendered,gallery_4x_view,gallery_4x_view,3,30,0.8482,0.9100,,logs/history-windows-head-editing.log
history-windows-head-inspector,matched_release_current,windows,current,ee2ce1afe2d56fb58794d9a6872c3988cb9b67ba,2026-09-29,inspector,not_rendered,gallery_1x_none_collapsed_panel,gallery_1x_none_collapsed_panel,3,30,0.0472,0.0596,,logs/history-windows-head-inspector.log
history-windows-head-inspector,matched_release_current,windows,current,ee2ce1afe2d56fb58794d9a6872c3988cb9b67ba,2026-09-29,inspector,not_rendered,gallery_1x_none_collapsed_view,gallery_1x_none_collapsed_view,3,30,0.0855,0.2276,,logs/history-windows-head-inspector.log
history-windows-head-inspector,matched_release_current,windows,current,ee2ce1afe2d56fb58794d9a6872c3988cb9b67ba,2026-09-29,inspector,not_rendered,gallery_1x_none_expanded_panel,gallery_1x_none_expanded_panel,3,30,0.3297,0.4924,,logs/history-windows-head-inspector.log
history-windows-head-inspector,matched_release_current,windows,current,ee2ce1afe2d56fb58794d9a6872c3988cb9b67ba,2026-09-29,inspector,not_rendered,gallery_1x_none_expanded_view,gallery_1x_none_expanded_view,3,30,0.3754,0.3975,,logs/history-windows-head-inspector.log
history-windows-head-inspector,matched_release_current,windows,current,ee2ce1afe2d56fb58794d9a6872c3988cb9b67ba,2026-09-29,inspector,not_rendered,gallery_1x_single_collapsed_panel,gallery_1x_single_collapsed_panel,3,30,0.1383,0.1520,,logs/history-windows-head-inspector.log
history-windows-head-inspector,matched_release_current,windows,current,ee2ce1afe2d56fb58794d9a6872c3988cb9b67ba,2026-09-29,inspector,not_rendered,gallery_1x_single_collapsed_view,gallery_1x_single_collapsed_view,3,30,0.2330,0.2490,,logs/history-windows-head-inspector.log
history-windows-head-inspector,matched_release_current,windows,current,ee2ce1afe2d56fb58794d9a6872c3988cb9b67ba,2026-09-29,inspector,not_rendered,gallery_1x_single_expanded_panel,gallery_1x_single_expanded_panel,3,30,0.5837,0.6040,,logs/history-windows-head-inspector.log
history-windows-head-inspector,matched_release_current,windows,current,ee2ce1afe2d56fb58794d9a6872c3988cb9b67ba,2026-09-29,inspector,not_rendered,gallery_1x_single_expanded_view,gallery_1x_single_expanded_view,3,30,0.7191,0.8328,,logs/history-windows-head-inspector.log
history-windows-head-inspector,matched_release_current,windows,current,ee2ce1afe2d56fb58794d9a6872c3988cb9b67ba,2026-09-29,inspector,not_rendered,gallery_1x_all_collapsed_panel,gallery_1x_all_collapsed_panel,3,30,0.4052,0.4267,,logs/history-windows-head-inspector.log
history-windows-head-inspector,matched_release_current,windows,current,ee2ce1afe2d56fb58794d9a6872c3988cb9b67ba,2026-09-29,inspector,not_rendered,gallery_1x_all_collapsed_view,gallery_1x_all_collapsed_view,3,30,0.7613,0.8461,,logs/history-windows-head-inspector.log
history-windows-head-inspector,matched_release_current,windows,current,ee2ce1afe2d56fb58794d9a6872c3988cb9b67ba,2026-09-29,inspector,not_rendered,gallery_1x_all_expanded_panel,gallery_1x_all_expanded_panel,3,30,1.1762,1.2241,,logs/history-windows-head-inspector.log
history-windows-head-inspector,matched_release_current,windows,current,ee2ce1afe2d56fb58794d9a6872c3988cb9b67ba,2026-09-29,inspector,not_rendered,gallery_1x_all_expanded_view,gallery_1x_all_expanded_view,3,30,1.5180,1.6567,,logs/history-windows-head-inspector.log
history-windows-head-inspector,matched_release_current,windows,current,ee2ce1afe2d56fb58794d9a6872c3988cb9b67ba,2026-09-29,inspector,not_rendered,gallery_4x_none_collapsed_panel,gallery_4x_none_collapsed_panel,3,30,0.1985,0.2146,,logs/history-windows-head-inspector.log
history-windows-head-inspector,matched_release_current,windows,current,ee2ce1afe2d56fb58794d9a6872c3988cb9b67ba,2026-09-29,inspector,not_rendered,gallery_4x_none_collapsed_view,gallery_4x_none_collapsed_view,3,30,0.2551,0.2795,,logs/history-windows-head-inspector.log
history-windows-head-inspector,matched_release_current,windows,current,ee2ce1afe2d56fb58794d9a6872c3988cb9b67ba,2026-09-29,inspector,not_rendered,gallery_4x_none_expanded_panel,gallery_4x_none_expanded_panel,3,30,1.7703,2.3270,,logs/history-windows-head-inspector.log
history-windows-head-inspector,matched_release_current,windows,current,ee2ce1afe2d56fb58794d9a6872c3988cb9b67ba,2026-09-29,inspector,not_rendered,gallery_4x_none_expanded_view,gallery_4x_none_expanded_view,3,30,1.7791,1.9938,,logs/history-windows-head-inspector.log
history-windows-head-inspector,matched_release_current,windows,current,ee2ce1afe2d56fb58794d9a6872c3988cb9b67ba,2026-09-29,inspector,not_rendered,gallery_4x_single_collapsed_panel,gallery_4x_single_collapsed_panel,3,30,0.5399,0.6895,,logs/history-windows-head-inspector.log
history-windows-head-inspector,matched_release_current,windows,current,ee2ce1afe2d56fb58794d9a6872c3988cb9b67ba,2026-09-29,inspector,not_rendered,gallery_4x_single_collapsed_view,gallery_4x_single_collapsed_view,3,30,0.8185,1.0160,,logs/history-windows-head-inspector.log
history-windows-head-inspector,matched_release_current,windows,current,ee2ce1afe2d56fb58794d9a6872c3988cb9b67ba,2026-09-29,inspector,not_rendered,gallery_4x_single_expanded_panel,gallery_4x_single_expanded_panel,3,30,3.2950,3.4786,,logs/history-windows-head-inspector.log
history-windows-head-inspector,matched_release_current,windows,current,ee2ce1afe2d56fb58794d9a6872c3988cb9b67ba,2026-09-29,inspector,not_rendered,gallery_4x_single_expanded_view,gallery_4x_single_expanded_view,3,30,3.5638,4.9635,,logs/history-windows-head-inspector.log
history-windows-head-inspector,matched_release_current,windows,current,ee2ce1afe2d56fb58794d9a6872c3988cb9b67ba,2026-09-29,inspector,not_rendered,gallery_4x_all_collapsed_panel,gallery_4x_all_collapsed_panel,3,30,1.4278,1.6543,,logs/history-windows-head-inspector.log
history-windows-head-inspector,matched_release_current,windows,current,ee2ce1afe2d56fb58794d9a6872c3988cb9b67ba,2026-09-29,inspector,not_rendered,gallery_4x_all_collapsed_view,gallery_4x_all_collapsed_view,3,30,4.1144,6.4693,,logs/history-windows-head-inspector.log
history-windows-head-inspector,matched_release_current,windows,current,ee2ce1afe2d56fb58794d9a6872c3988cb9b67ba,2026-09-29,inspector,not_rendered,gallery_4x_all_expanded_panel,gallery_4x_all_expanded_panel,3,30,5.0841,5.3474,,logs/history-windows-head-inspector.log
history-windows-head-inspector,matched_release_current,windows,current,ee2ce1afe2d56fb58794d9a6872c3988cb9b67ba,2026-09-29,inspector,not_rendered,gallery_4x_all_expanded_view,gallery_4x_all_expanded_view,3,30,7.5727,8.0872,,logs/history-windows-head-inspector.log
history-windows-head-recovery,matched_release_current,windows,current,ee2ce1afe2d56fb58794d9a6872c3988cb9b67ba,2026-09-29,recovery,not_rendered,gallery_1x_recovery_synchronous,gallery_1x_recovery_synchronous,3,30,3.9382,4.6675,,logs/history-windows-head-recovery.log
history-windows-head-recovery,matched_release_current,windows,current,ee2ce1afe2d56fb58794d9a6872c3988cb9b67ba,2026-09-29,recovery,not_rendered,gallery_1x_recovery_dispatch,gallery_1x_recovery_dispatch,3,30,0.1856,0.2176,,logs/history-windows-head-recovery.log
history-windows-head-recovery,matched_release_current,windows,current,ee2ce1afe2d56fb58794d9a6872c3988cb9b67ba,2026-09-29,recovery,not_rendered,gallery_1x_recovery_roundtrip,gallery_1x_recovery_roundtrip,3,30,3.4138,4.1977,,logs/history-windows-head-recovery.log
history-windows-head-recovery,matched_release_current,windows,current,ee2ce1afe2d56fb58794d9a6872c3988cb9b67ba,2026-09-29,recovery,not_rendered,gallery_4x_recovery_synchronous,gallery_4x_recovery_synchronous,3,30,8.2268,9.9301,,logs/history-windows-head-recovery.log
history-windows-head-recovery,matched_release_current,windows,current,ee2ce1afe2d56fb58794d9a6872c3988cb9b67ba,2026-09-29,recovery,not_rendered,gallery_4x_recovery_dispatch,gallery_4x_recovery_dispatch,3,30,0.6985,0.7453,,logs/history-windows-head-recovery.log
history-windows-head-recovery,matched_release_current,windows,current,ee2ce1afe2d56fb58794d9a6872c3988cb9b67ba,2026-09-29,recovery,not_rendered,gallery_4x_recovery_roundtrip,gallery_4x_recovery_roundtrip,3,30,7.5919,9.1896,,logs/history-windows-head-recovery.log
history-windows-head-files,matched_release_current,windows,current,ee2ce1afe2d56fb58794d9a6872c3988cb9b67ba,2026-09-29,files,not_rendered,native_parse_validate_1x,native_parse_validate_1x,3,30,1.222,1.835,,logs/history-windows-head-files.log
history-windows-head-files,matched_release_current,windows,current,ee2ce1afe2d56fb58794d9a6872c3988cb9b67ba,2026-09-29,files,not_rendered,native_serialize_1x,native_serialize_1x,3,30,0.664,0.843,,logs/history-windows-head-files.log
history-windows-head-files,matched_release_current,windows,current,ee2ce1afe2d56fb58794d9a6872c3988cb9b67ba,2026-09-29,files,not_rendered,library_load_512,library_load_512,3,30,2.137,2.214,,logs/history-windows-head-files.log
history-windows-head-files,matched_release_current,windows,current,ee2ce1afe2d56fb58794d9a6872c3988cb9b67ba,2026-09-29,files,not_rendered,library_save_checked_512,library_save_checked_512,3,30,14.881,17.499,,logs/history-windows-head-files.log
history-windows-head-files,matched_release_current,windows,current,ee2ce1afe2d56fb58794d9a6872c3988cb9b67ba,2026-09-29,files,not_rendered,library_parse_validate_512,library_parse_validate_512,3,30,1.774,1.885,,logs/history-windows-head-files.log
